national,year,mfsel
afgt,1990,1
afgt,1991,1
afgt,1992,1
afgt,1993,1
afgt,1994,1
afgt,1995,1
afgt,1996,1
afgt,1997,1
afgt,1998,1
afgt,1999,1
afgt,2000,0
afgt,2001,0
afgt,2002,0
afgt,2003,0
afgt,2004,0
afgt,2005,0
afgt,2006,0
afgt,2007,0
afgt,2008,0
afgt,2009,0
afgt,2010,0
afgt,2011,0
afgt,2012,0
afgt,2013,0
afgt,2014,0
afgt,2015,0
afgt,2016,0
afgt,2017,0
afgt,2018,0
afgt,2019,0
agot,1999,1
agot,2000,1
agot,2001,1
agot,2002,1
agot,2003,1
agot,2004,1
agot,2005,1
agot,2006,1
agot,2007,1
agot,2008,1
agot,2009,1
agot,2010,1
agot,2011,1
agot,2012,1
agot,2013,1
agot,2014,0
agot,2015,0
agot,2016,0
agot,2017,0
agot,2018,0
agot,2019,0
albt,1990,0
albt,1991,0
albt,1992,0
albt,1993,0
albt,1994,0
albt,1995,0
albt,1996,0
albt,1997,0
albt,1998,0
albt,1999,0
albt,2000,0
albt,2001,0
albt,2002,0
albt,2003,0
albt,2004,0
albt,2005,0
albt,2006,0
albt,2007,0
albt,2008,0
albt,2009,0
albt,2010,0
albt,2011,0
albt,2012,0
albt,2013,0
albt,2014,0
albt,2015,0
albt,2016,0
albt,2017,0
albt,2018,0
albt,2019,0
andt,2000,1
andt,2001,1
andt,2002,1
andt,2003,1
andt,2004,1
andt,2005,1
andt,2006,1
andt,2007,1
andt,2008,1
andt,2009,1
andt,2010,1
andt,2011,1
andt,2012,1
andt,2013,1
andt,2014,1
andt,2015,1
andt,2016,1
andt,2017,1
andt,2018,1
andt,2019,1
aret,1990,0
aret,1991,0
aret,1992,0
aret,1993,0
aret,1994,0
aret,1995,0
aret,1996,0
aret,1997,0
aret,1998,0
aret,1999,0
aret,2000,0
aret,2001,0
aret,2002,0
aret,2003,0
aret,2004,0
aret,2005,0
aret,2006,0
aret,2007,0
aret,2008,0
aret,2009,0
aret,2010,0
aret,2011,0
aret,2012,0
aret,2013,0
aret,2014,0
aret,2015,0
aret,2016,0
aret,2017,0
aret,2018,0
aret,2019,0
argt,1990,0
argt,1991,0
argt,1992,0
argt,1993,0
argt,1994,0
argt,1995,0
argt,1996,0
argt,1997,0
argt,1998,0
argt,1999,0
argt,2000,0
argt,2001,0
argt,2002,0
argt,2003,0
argt,2004,0
argt,2005,0
argt,2006,0
argt,2007,0
argt,2008,0
argt,2009,0
argt,2010,0
argt,2011,0
argt,2012,0
argt,2013,0
argt,2014,0
argt,2015,0
argt,2016,0
argt,2017,0
argt,2018,0
argt,2019,0
armt,1990,0
armt,1991,0
armt,1992,0
armt,1993,0
armt,1994,0
armt,1995,0
armt,1996,0
armt,1997,0
armt,1998,0
armt,1999,0
armt,2000,0
armt,2001,0
armt,2002,0
armt,2003,0
armt,2004,0
armt,2005,0
armt,2006,0
armt,2007,0
armt,2008,0
armt,2009,0
armt,2010,0
armt,2011,0
armt,2012,0
armt,2013,0
armt,2014,0
armt,2015,0
armt,2016,0
armt,2017,0
armt,2018,0
armt,2019,0
atgt,2005,1
atgt,2006,1
atgt,2007,1
atgt,2008,1
atgt,2009,1
atgt,2010,1
atgt,2011,1
atgt,2012,1
atgt,2013,1
atgt,2014,1
atgt,2015,1
atgt,2016,1
atgt,2017,1
atgt,2018,1
atgt,2019,1
aust,1990,0
aust,1991,0
aust,1992,0
aust,1993,0
aust,1994,0
aust,1995,0
aust,1996,0
aust,1997,0
aust,1998,0
aust,1999,0
aust,2000,0
aust,2001,0
aust,2002,0
aust,2003,0
aust,2004,0
aust,2005,0
aust,2006,0
aust,2007,0
aust,2008,0
aust,2009,0
aust,2010,0
aust,2011,0
aust,2012,0
aust,2013,0
aust,2014,0
aust,2015,0
aust,2016,0
aust,2017,0
aust,2018,0
aust,2019,0
autt,1990,0
autt,1991,0
autt,1992,0
autt,1993,0
autt,1994,0
autt,1995,0
autt,1996,0
autt,1997,0
autt,1998,0
autt,1999,0
autt,2000,0
autt,2001,0
autt,2002,0
autt,2003,0
autt,2004,0
autt,2005,0
autt,2006,0
autt,2007,0
autt,2008,0
autt,2009,0
autt,2010,0
autt,2011,0
autt,2012,0
autt,2013,0
autt,2014,0
autt,2015,0
autt,2016,0
autt,2017,0
autt,2018,0
autt,2019,0
azet,1995,1
azet,1996,1
azet,1997,1
azet,1998,1
azet,1999,1
azet,2000,0
azet,2001,0
azet,2002,0
azet,2003,0
azet,2004,0
azet,2005,0
azet,2006,0
azet,2007,0
azet,2008,0
azet,2009,0
azet,2010,0
azet,2011,0
azet,2012,0
azet,2013,0
azet,2014,0
azet,2015,0
azet,2016,0
azet,2017,0
azet,2018,0
azet,2019,0
bdit,1990,0
bdit,1991,0
bdit,1992,0
bdit,1993,0
bdit,1994,0
bdit,1995,0
bdit,1996,0
bdit,1997,0
bdit,1998,0
bdit,1999,0
bdit,2000,0
bdit,2001,0
bdit,2002,0
bdit,2003,0
bdit,2004,0
bdit,2005,0
bdit,2006,0
bdit,2007,0
bdit,2008,0
bdit,2009,0
bdit,2010,0
bdit,2011,0
bdit,2012,0
bdit,2013,0
bdit,2014,0
bdit,2015,0
bdit,2016,0
bdit,2017,0
bdit,2018,0
bdit,2019,0
belt,1990,0
belt,1991,0
belt,1992,0
belt,1993,0
belt,1994,0
belt,1995,0
belt,1996,0
belt,1997,0
belt,1998,0
belt,1999,0
belt,2000,0
belt,2001,0
belt,2002,0
belt,2003,0
belt,2004,0
belt,2005,0
belt,2006,0
belt,2007,0
belt,2008,0
belt,2009,0
belt,2010,0
belt,2011,0
belt,2012,0
belt,2013,0
belt,2014,0
belt,2015,0
belt,2016,0
belt,2017,0
belt,2018,0
belt,2019,0
bent,1990,0
bent,1991,0
bent,1992,0
bent,1993,0
bent,1994,0
bent,1995,0
bent,1996,0
bent,1997,0
bent,1998,0
bent,1999,0
bent,2000,0
bent,2001,0
bent,2002,0
bent,2003,0
bent,2004,0
bent,2005,0
bent,2006,0
bent,2007,0
bent,2008,0
bent,2009,0
bent,2010,0
bent,2011,0
bent,2012,0
bent,2013,0
bent,2014,0
bent,2015,0
bent,2016,0
bent,2017,0
bent,2018,0
bent,2019,0
bfat,2000,1
bfat,2001,1
bfat,2002,1
bfat,2003,1
bfat,2004,1
bfat,2005,0
bfat,2006,0
bfat,2007,0
bfat,2008,0
bfat,2009,0
bfat,2010,0
bfat,2011,0
bfat,2012,0
bfat,2013,0
bfat,2014,0
bfat,2015,0
bfat,2016,0
bfat,2017,0
bfat,2018,0
bfat,2019,0
bgdt,1990,0
bgdt,1991,0
bgdt,1992,0
bgdt,1993,0
bgdt,1994,0
bgdt,1995,0
bgdt,1996,0
bgdt,1997,0
bgdt,1998,0
bgdt,1999,0
bgdt,2000,0
bgdt,2001,0
bgdt,2002,0
bgdt,2003,0
bgdt,2004,0
bgdt,2005,0
bgdt,2006,0
bgdt,2007,0
bgdt,2008,0
bgdt,2009,0
bgdt,2010,0
bgdt,2011,0
bgdt,2012,0
bgdt,2013,0
bgdt,2014,0
bgdt,2015,0
bgdt,2016,0
bgdt,2017,0
bgdt,2018,0
bgdt,2019,0
bgrt,1990,0
bgrt,1991,0
bgrt,1992,0
bgrt,1993,0
bgrt,1994,0
bgrt,1995,0
bgrt,1996,0
bgrt,1997,0
bgrt,1998,0
bgrt,1999,0
bgrt,2000,0
bgrt,2001,0
bgrt,2002,0
bgrt,2003,0
bgrt,2004,0
bgrt,2005,0
bgrt,2006,0
bgrt,2007,0
bgrt,2008,0
bgrt,2009,0
bgrt,2010,0
bgrt,2011,0
bgrt,2012,0
bgrt,2013,0
bgrt,2014,0
bgrt,2015,0
bgrt,2016,0
bgrt,2017,0
bgrt,2018,0
bgrt,2019,0
bhrt,1990,0
bhrt,1991,0
bhrt,1992,0
bhrt,1993,0
bhrt,1994,0
bhrt,1995,0
bhrt,1996,0
bhrt,1997,0
bhrt,1998,0
bhrt,1999,0
bhrt,2000,0
bhrt,2001,0
bhrt,2002,0
bhrt,2003,0
bhrt,2004,0
bhrt,2005,0
bhrt,2006,0
bhrt,2007,0
bhrt,2008,0
bhrt,2009,0
bhrt,2010,0
bhrt,2011,0
bhrt,2012,0
bhrt,2013,0
bhrt,2014,0
bhrt,2015,0
bhrt,2016,0
bhrt,2017,0
bhrt,2018,0
bhrt,2019,0
bhst,2000,0
bhst,2001,0
bhst,2002,0
bhst,2003,0
bhst,2004,0
bhst,2005,0
bhst,2006,0
bhst,2007,0
bhst,2008,0
bhst,2009,0
bhst,2010,0
bhst,2011,0
bhst,2012,0
bhst,2013,0
bhst,2014,0
bhst,2015,0
bhst,2016,0
bhst,2017,0
bhst,2018,0
bhst,2019,0
biht,2000,1
biht,2001,1
biht,2002,1
biht,2003,1
biht,2004,1
biht,2005,0
biht,2006,0
biht,2007,0
biht,2008,0
biht,2009,0
biht,2010,0
biht,2011,0
biht,2012,0
biht,2013,0
biht,2014,0
biht,2015,0
biht,2016,0
biht,2017,0
biht,2018,0
biht,2019,0
blrt,1995,1
blrt,1996,1
blrt,1997,1
blrt,1998,1
blrt,1999,1
blrt,2000,0
blrt,2001,0
blrt,2002,0
blrt,2003,0
blrt,2004,0
blrt,2005,0
blrt,2006,0
blrt,2007,0
blrt,2008,0
blrt,2009,0
blrt,2010,0
blrt,2011,0
blrt,2012,0
blrt,2013,0
blrt,2014,0
blrt,2015,0
blrt,2016,0
blrt,2017,0
blrt,2018,0
blrt,2019,0
blzt,1990,0
blzt,1991,0
blzt,1992,0
blzt,1993,0
blzt,1994,0
blzt,1995,0
blzt,1996,0
blzt,1997,0
blzt,1998,0
blzt,1999,0
blzt,2000,0
blzt,2001,0
blzt,2002,0
blzt,2003,0
blzt,2004,0
blzt,2005,0
blzt,2006,0
blzt,2007,0
blzt,2008,0
blzt,2009,0
blzt,2010,0
blzt,2011,0
blzt,2012,0
blzt,2013,0
blzt,2014,0
blzt,2015,0
blzt,2016,0
blzt,2017,0
blzt,2018,0
blzt,2019,0
bolt,1990,1
bolt,1991,1
bolt,1992,1
bolt,1993,1
bolt,1994,1
bolt,1995,1
bolt,1996,1
bolt,1997,1
bolt,1998,1
bolt,1999,1
bolt,2000,1
bolt,2001,1
bolt,2002,1
bolt,2003,1
bolt,2004,1
bolt,2005,0
bolt,2006,0
bolt,2007,0
bolt,2008,0
bolt,2009,0
bolt,2010,0
bolt,2011,0
bolt,2012,0
bolt,2013,0
bolt,2014,0
bolt,2015,0
bolt,2016,0
bolt,2017,0
bolt,2018,0
bolt,2019,0
brat,1990,1
brat,1991,1
brat,1992,1
brat,1993,1
brat,1994,1
brat,1995,1
brat,1996,1
brat,1997,1
brat,1998,1
brat,1999,1
brat,2000,0
brat,2001,0
brat,2002,0
brat,2003,0
brat,2004,0
brat,2005,0
brat,2006,0
brat,2007,0
brat,2008,0
brat,2009,0
brat,2010,0
brat,2011,0
brat,2012,0
brat,2013,0
brat,2014,0
brat,2015,0
brat,2016,0
brat,2017,0
brat,2018,0
brat,2019,0
brbt,1990,0
brbt,1991,0
brbt,1992,0
brbt,1993,0
brbt,1994,0
brbt,1995,0
brbt,1996,0
brbt,1997,0
brbt,1998,0
brbt,1999,0
brbt,2000,0
brbt,2001,0
brbt,2002,0
brbt,2003,0
brbt,2004,0
brbt,2005,0
brbt,2006,0
brbt,2007,0
brbt,2008,0
brbt,2009,0
brbt,2010,0
brbt,2011,0
brbt,2012,0
brbt,2013,0
brbt,2014,0
brbt,2015,0
brbt,2016,0
brbt,2017,0
brbt,2018,0
brbt,2019,0
brnt,1990,0
brnt,1991,0
brnt,1992,0
brnt,1993,0
brnt,1994,0
brnt,1995,0
brnt,1996,0
brnt,1997,0
brnt,1998,0
brnt,1999,0
brnt,2000,0
brnt,2001,0
brnt,2002,0
brnt,2003,0
brnt,2004,0
brnt,2005,0
brnt,2006,0
brnt,2007,0
brnt,2008,0
brnt,2009,0
brnt,2010,0
brnt,2011,0
brnt,2012,0
brnt,2013,0
brnt,2014,0
brnt,2015,0
brnt,2016,0
brnt,2017,0
brnt,2018,0
brnt,2019,0
btnt,2005,0
btnt,2006,0
btnt,2007,0
btnt,2008,0
btnt,2009,0
btnt,2010,0
btnt,2011,0
btnt,2012,0
btnt,2013,0
btnt,2014,0
btnt,2015,0
btnt,2016,0
btnt,2017,0
btnt,2018,0
btnt,2019,0
bwat,1990,0
bwat,1991,0
bwat,1992,0
bwat,1993,0
bwat,1994,0
bwat,1995,0
bwat,1996,0
bwat,1997,0
bwat,1998,0
bwat,1999,0
bwat,2000,0
bwat,2001,0
bwat,2002,0
bwat,2003,0
bwat,2004,0
bwat,2005,0
bwat,2006,0
bwat,2007,0
bwat,2008,0
bwat,2009,0
bwat,2010,0
bwat,2011,0
bwat,2012,0
bwat,2013,0
bwat,2014,0
bwat,2015,0
bwat,2016,0
bwat,2017,0
bwat,2018,0
bwat,2019,0
caft,1990,0
caft,1991,0
caft,1992,0
caft,1993,0
caft,1994,0
caft,1995,0
caft,1996,0
caft,1997,0
caft,1998,0
caft,1999,0
caft,2000,0
caft,2001,0
caft,2002,0
caft,2003,0
caft,2004,0
caft,2005,0
caft,2006,0
caft,2007,0
caft,2008,0
caft,2009,0
caft,2010,0
caft,2011,0
caft,2012,0
caft,2013,0
caft,2014,0
caft,2015,0
caft,2016,0
caft,2017,0
caft,2018,0
caft,2019,0
cant,1990,0
cant,1991,0
cant,1992,0
cant,1993,0
cant,1994,0
cant,1995,0
cant,1996,0
cant,1997,0
cant,1998,0
cant,1999,0
cant,2000,0
cant,2001,0
cant,2002,0
cant,2003,0
cant,2004,0
cant,2005,0
cant,2006,0
cant,2007,0
cant,2008,0
cant,2009,0
cant,2010,0
cant,2011,0
cant,2012,0
cant,2013,0
cant,2014,0
cant,2015,0
cant,2016,0
cant,2017,0
cant,2018,0
cant,2019,0
chet,1990,0
chet,1991,0
chet,1992,0
chet,1993,0
chet,1994,0
chet,1995,0
chet,1996,0
chet,1997,0
chet,1998,0
chet,1999,0
chet,2000,0
chet,2001,0
chet,2002,0
chet,2003,0
chet,2004,0
chet,2005,0
chet,2006,0
chet,2007,0
chet,2008,0
chet,2009,0
chet,2010,0
chet,2011,0
chet,2012,0
chet,2013,0
chet,2014,0
chet,2015,0
chet,2016,0
chet,2017,0
chet,2018,0
chet,2019,0
chlt,1990,0
chlt,1991,0
chlt,1992,0
chlt,1993,0
chlt,1994,0
chlt,1995,0
chlt,1996,0
chlt,1997,0
chlt,1998,0
chlt,1999,0
chlt,2000,0
chlt,2001,0
chlt,2002,0
chlt,2003,0
chlt,2004,0
chlt,2005,0
chlt,2006,0
chlt,2007,0
chlt,2008,0
chlt,2009,0
chlt,2010,0
chlt,2011,0
chlt,2012,0
chlt,2013,0
chlt,2014,0
chlt,2015,0
chlt,2016,0
chlt,2017,0
chlt,2018,0
chlt,2019,0
chnt,1990,0
chnt,1991,0
chnt,1992,0
chnt,1993,0
chnt,1994,0
chnt,1995,0
chnt,1996,0
chnt,1997,0
chnt,1998,0
chnt,1999,0
chnt,2000,0
chnt,2001,0
chnt,2002,0
chnt,2003,0
chnt,2004,0
chnt,2005,0
chnt,2006,0
chnt,2007,0
chnt,2008,0
chnt,2009,0
chnt,2010,0
chnt,2011,0
chnt,2012,0
chnt,2013,0
chnt,2014,0
chnt,2015,0
chnt,2016,0
chnt,2017,0
chnt,2018,0
chnt,2019,0
civt,1990,0
civt,1991,0
civt,1992,0
civt,1993,0
civt,1994,0
civt,1995,0
civt,1996,0
civt,1997,0
civt,1998,0
civt,1999,0
civt,2000,0
civt,2001,0
civt,2002,0
civt,2003,0
civt,2004,0
civt,2005,0
civt,2006,0
civt,2007,0
civt,2008,0
civt,2009,0
civt,2010,0
civt,2011,0
civt,2012,0
civt,2013,0
civt,2014,0
civt,2015,0
civt,2016,0
civt,2017,0
civt,2018,0
civt,2019,0
cmrt,1990,0
cmrt,1991,0
cmrt,1992,0
cmrt,1993,0
cmrt,1994,0
cmrt,1995,0
cmrt,1996,0
cmrt,1997,0
cmrt,1998,0
cmrt,1999,0
cmrt,2000,0
cmrt,2001,0
cmrt,2002,0
cmrt,2003,0
cmrt,2004,0
cmrt,2005,0
cmrt,2006,0
cmrt,2007,0
cmrt,2008,0
cmrt,2009,0
cmrt,2010,0
cmrt,2011,0
cmrt,2012,0
cmrt,2013,0
cmrt,2014,0
cmrt,2015,0
cmrt,2016,0
cmrt,2017,0
cmrt,2018,0
cmrt,2019,0
codt,1990,1
codt,1991,1
codt,1992,1
codt,1993,1
codt,1994,1
codt,1995,1
codt,1996,1
codt,1997,1
codt,1998,1
codt,1999,1
codt,2000,1
codt,2001,1
codt,2002,1
codt,2003,1
codt,2004,1
codt,2005,0
codt,2006,0
codt,2007,0
codt,2008,0
codt,2009,0
codt,2010,0
codt,2011,0
codt,2012,0
codt,2013,0
codt,2014,0
codt,2015,0
codt,2016,0
codt,2017,0
codt,2018,0
codt,2019,0
cogt,1990,0
cogt,1991,0
cogt,1992,0
cogt,1993,0
cogt,1994,0
cogt,1995,0
cogt,1996,0
cogt,1997,0
cogt,1998,0
cogt,1999,0
cogt,2000,0
cogt,2001,0
cogt,2002,0
cogt,2003,0
cogt,2004,0
cogt,2005,0
cogt,2006,0
cogt,2007,0
cogt,2008,0
cogt,2009,0
cogt,2010,0
cogt,2011,0
cogt,2012,0
cogt,2013,0
cogt,2014,0
cogt,2015,0
cogt,2016,0
cogt,2017,0
cogt,2018,0
cogt,2019,0
colt,1990,0
colt,1991,0
colt,1992,0
colt,1993,0
colt,1994,0
colt,1995,0
colt,1996,0
colt,1997,0
colt,1998,0
colt,1999,0
colt,2000,0
colt,2001,0
colt,2002,0
colt,2003,0
colt,2004,0
colt,2005,0
colt,2006,0
colt,2007,0
colt,2008,0
colt,2009,0
colt,2010,0
colt,2011,0
colt,2012,0
colt,2013,0
colt,2014,0
colt,2015,0
colt,2016,0
colt,2017,0
colt,2018,0
colt,2019,0
comt,2000,0
comt,2001,0
comt,2002,0
comt,2003,0
comt,2004,0
comt,2005,0
comt,2006,0
comt,2007,0
comt,2008,0
comt,2009,0
comt,2010,0
comt,2011,0
comt,2012,0
comt,2013,0
comt,2014,0
comt,2015,0
comt,2016,0
comt,2017,0
comt,2018,0
comt,2019,0
cpvt,2000,0
cpvt,2001,0
cpvt,2002,0
cpvt,2003,0
cpvt,2004,0
cpvt,2005,0
cpvt,2006,0
cpvt,2007,0
cpvt,2008,0
cpvt,2009,0
cpvt,2010,0
cpvt,2011,0
cpvt,2012,0
cpvt,2013,0
cpvt,2014,0
cpvt,2015,0
cpvt,2016,0
cpvt,2017,0
cpvt,2018,0
cpvt,2019,0
crit,1990,0
crit,1991,0
crit,1992,0
crit,1993,0
crit,1994,0
crit,1995,0
crit,1996,0
crit,1997,0
crit,1998,0
crit,1999,0
crit,2000,0
crit,2001,0
crit,2002,0
crit,2003,0
crit,2004,0
crit,2005,0
crit,2006,0
crit,2007,0
crit,2008,0
crit,2009,0
crit,2010,0
crit,2011,0
crit,2012,0
crit,2013,0
crit,2014,0
crit,2015,0
crit,2016,0
crit,2017,0
crit,2018,0
crit,2019,0
cubt,1990,0
cubt,1991,0
cubt,1992,0
cubt,1993,0
cubt,1994,0
cubt,1995,0
cubt,1996,0
cubt,1997,0
cubt,1998,0
cubt,1999,0
cubt,2000,0
cubt,2001,0
cubt,2002,0
cubt,2003,0
cubt,2004,0
cubt,2005,0
cubt,2006,0
cubt,2007,0
cubt,2008,0
cubt,2009,0
cubt,2010,0
cubt,2011,0
cubt,2012,0
cubt,2013,0
cubt,2014,0
cubt,2015,0
cubt,2016,0
cubt,2017,0
cubt,2018,0
cubt,2019,0
cypt,1990,0
cypt,1991,0
cypt,1992,0
cypt,1993,0
cypt,1994,0
cypt,1995,0
cypt,1996,0
cypt,1997,0
cypt,1998,0
cypt,1999,0
cypt,2000,0
cypt,2001,0
cypt,2002,0
cypt,2003,0
cypt,2004,0
cypt,2005,0
cypt,2006,0
cypt,2007,0
cypt,2008,0
cypt,2009,0
cypt,2010,0
cypt,2011,0
cypt,2012,0
cypt,2013,0
cypt,2014,0
cypt,2015,0
cypt,2016,0
cypt,2017,0
cypt,2018,0
cypt,2019,0
czet,1990,0
czet,1991,0
czet,1992,0
czet,1993,0
czet,1994,0
czet,1995,0
czet,1996,0
czet,1997,0
czet,1998,0
czet,1999,0
czet,2000,0
czet,2001,0
czet,2002,0
czet,2003,0
czet,2004,0
czet,2005,0
czet,2006,0
czet,2007,0
czet,2008,0
czet,2009,0
czet,2010,0
czet,2011,0
czet,2012,0
czet,2013,0
czet,2014,0
czet,2015,0
czet,2016,0
czet,2017,0
czet,2018,0
czet,2019,0
deut,1990,0
deut,1991,0
deut,1992,0
deut,1993,0
deut,1994,0
deut,1995,0
deut,1996,0
deut,1997,0
deut,1998,0
deut,1999,0
deut,2000,0
deut,2001,0
deut,2002,0
deut,2003,0
deut,2004,0
deut,2005,0
deut,2006,0
deut,2007,0
deut,2008,0
deut,2009,0
deut,2010,0
deut,2011,0
deut,2012,0
deut,2013,0
deut,2014,0
deut,2015,0
deut,2016,0
deut,2017,0
deut,2018,0
deut,2019,0
djit,1995,1
djit,1996,1
djit,1997,1
djit,1998,1
djit,1999,1
djit,2000,1
djit,2001,1
djit,2002,1
djit,2003,1
djit,2004,1
djit,2005,1
djit,2006,1
djit,2007,1
djit,2008,1
djit,2009,1
djit,2010,1
djit,2011,1
djit,2012,1
djit,2013,1
djit,2014,1
djit,2015,1
djit,2016,1
djit,2017,1
djit,2018,1
djit,2019,1
dmat,2000,1
dmat,2001,1
dmat,2002,1
dmat,2003,1
dmat,2004,1
dmat,2005,1
dmat,2006,1
dmat,2007,1
dmat,2008,1
dmat,2009,1
dmat,2010,1
dmat,2011,1
dmat,2012,1
dmat,2013,1
dmat,2014,1
dmat,2015,1
dmat,2016,1
dmat,2017,1
dmat,2018,1
dmat,2019,1
dnkt,1990,0
dnkt,1991,0
dnkt,1992,0
dnkt,1993,0
dnkt,1994,0
dnkt,1995,0
dnkt,1996,0
dnkt,1997,0
dnkt,1998,0
dnkt,1999,0
dnkt,2000,0
dnkt,2001,0
dnkt,2002,0
dnkt,2003,0
dnkt,2004,0
dnkt,2005,0
dnkt,2006,0
dnkt,2007,0
dnkt,2008,0
dnkt,2009,0
dnkt,2010,0
dnkt,2011,0
dnkt,2012,0
dnkt,2013,0
dnkt,2014,0
dnkt,2015,0
dnkt,2016,0
dnkt,2017,0
dnkt,2018,0
dnkt,2019,0
domt,1990,1
domt,1991,1
domt,1992,1
domt,1993,1
domt,1994,1
domt,1995,1
domt,1996,1
domt,1997,1
domt,1998,1
domt,1999,1
domt,2000,1
domt,2001,1
domt,2002,1
domt,2003,1
domt,2004,1
domt,2005,1
domt,2006,1
domt,2007,1
domt,2008,1
domt,2009,1
domt,2010,0
domt,2011,0
domt,2012,0
domt,2013,0
domt,2014,0
domt,2015,0
domt,2016,0
domt,2017,0
domt,2018,0
domt,2019,0
dzat,1990,1
dzat,1991,1
dzat,1992,1
dzat,1993,1
dzat,1994,1
dzat,1995,1
dzat,1996,1
dzat,1997,1
dzat,1998,1
dzat,1999,1
dzat,2000,0
dzat,2001,0
dzat,2002,0
dzat,2003,0
dzat,2004,0
dzat,2005,0
dzat,2006,0
dzat,2007,0
dzat,2008,0
dzat,2009,0
dzat,2010,0
dzat,2011,0
dzat,2012,0
dzat,2013,0
dzat,2014,0
dzat,2015,0
dzat,2016,0
dzat,2017,0
dzat,2018,0
dzat,2019,0
ecut,1990,1
ecut,1991,1
ecut,1992,1
ecut,1993,1
ecut,1994,1
ecut,1995,1
ecut,1996,1
ecut,1997,1
ecut,1998,1
ecut,1999,1
ecut,2000,1
ecut,2001,1
ecut,2002,1
ecut,2003,1
ecut,2004,1
ecut,2005,1
ecut,2006,1
ecut,2007,1
ecut,2008,1
ecut,2009,1
ecut,2010,0
ecut,2011,0
ecut,2012,0
ecut,2013,0
ecut,2014,0
ecut,2015,0
ecut,2016,0
ecut,2017,0
ecut,2018,0
ecut,2019,0
egyt,1990,0
egyt,1991,0
egyt,1992,0
egyt,1993,0
egyt,1994,0
egyt,1995,0
egyt,1996,0
egyt,1997,0
egyt,1998,0
egyt,1999,0
egyt,2000,0
egyt,2001,0
egyt,2002,0
egyt,2003,0
egyt,2004,0
egyt,2005,0
egyt,2006,0
egyt,2007,0
egyt,2008,0
egyt,2009,0
egyt,2010,0
egyt,2011,0
egyt,2012,0
egyt,2013,0
egyt,2014,0
egyt,2015,0
egyt,2016,0
egyt,2017,0
egyt,2018,0
egyt,2019,0
erit,2005,1
erit,2006,1
erit,2007,1
erit,2008,1
erit,2009,1
erit,2010,1
erit,2011,1
erit,2012,1
erit,2013,1
erit,2014,1
erit,2015,1
erit,2016,1
erit,2017,1
erit,2018,1
erit,2019,1
espt,1990,0
espt,1991,0
espt,1992,0
espt,1993,0
espt,1994,0
espt,1995,0
espt,1996,0
espt,1997,0
espt,1998,0
espt,1999,0
espt,2000,0
espt,2001,0
espt,2002,0
espt,2003,0
espt,2004,0
espt,2005,0
espt,2006,0
espt,2007,0
espt,2008,0
espt,2009,0
espt,2010,0
espt,2011,0
espt,2012,0
espt,2013,0
espt,2014,0
espt,2015,0
espt,2016,0
espt,2017,0
espt,2018,0
espt,2019,0
estt,1990,0
estt,1991,0
estt,1992,0
estt,1993,0
estt,1994,0
estt,1995,0
estt,1996,0
estt,1997,0
estt,1998,0
estt,1999,0
estt,2000,0
estt,2001,0
estt,2002,0
estt,2003,0
estt,2004,0
estt,2005,0
estt,2006,0
estt,2007,0
estt,2008,0
estt,2009,0
estt,2010,0
estt,2011,0
estt,2012,0
estt,2013,0
estt,2014,0
estt,2015,0
estt,2016,0
estt,2017,0
estt,2018,0
estt,2019,0
etht,2000,0
etht,2001,0
etht,2002,0
etht,2003,0
etht,2004,0
etht,2005,0
etht,2006,0
etht,2007,0
etht,2008,0
etht,2009,0
etht,2010,0
etht,2011,0
etht,2012,0
etht,2013,0
etht,2014,0
etht,2015,0
etht,2016,0
etht,2017,0
etht,2018,0
etht,2019,0
fint,1990,0
fint,1991,0
fint,1992,0
fint,1993,0
fint,1994,0
fint,1995,0
fint,1996,0
fint,1997,0
fint,1998,0
fint,1999,0
fint,2000,0
fint,2001,0
fint,2002,0
fint,2003,0
fint,2004,0
fint,2005,0
fint,2006,0
fint,2007,0
fint,2008,0
fint,2009,0
fint,2010,0
fint,2011,0
fint,2012,0
fint,2013,0
fint,2014,0
fint,2015,0
fint,2016,0
fint,2017,0
fint,2018,0
fint,2019,0
fjit,1990,1
fjit,1991,1
fjit,1992,1
fjit,1993,1
fjit,1994,1
fjit,1995,1
fjit,1996,1
fjit,1997,1
fjit,1998,1
fjit,1999,1
fjit,2000,0
fjit,2001,0
fjit,2002,0
fjit,2003,0
fjit,2004,0
fjit,2005,0
fjit,2006,0
fjit,2007,0
fjit,2008,0
fjit,2009,0
fjit,2010,0
fjit,2011,0
fjit,2012,0
fjit,2013,0
fjit,2014,0
fjit,2015,0
fjit,2016,0
fjit,2017,0
fjit,2018,0
fjit,2019,0
frat,1990,0
frat,1991,0
frat,1992,0
frat,1993,0
frat,1994,0
frat,1995,0
frat,1996,0
frat,1997,0
frat,1998,0
frat,1999,0
frat,2000,0
frat,2001,0
frat,2002,0
frat,2003,0
frat,2004,0
frat,2005,0
frat,2006,0
frat,2007,0
frat,2008,0
frat,2009,0
frat,2010,0
frat,2011,0
frat,2012,0
frat,2013,0
frat,2014,0
frat,2015,0
frat,2016,0
frat,2017,0
frat,2018,0
frat,2019,0
fsmt,2000,0
fsmt,2001,0
fsmt,2002,0
fsmt,2003,0
fsmt,2004,0
fsmt,2005,0
fsmt,2006,0
fsmt,2007,0
fsmt,2008,0
fsmt,2009,0
fsmt,2010,0
fsmt,2011,0
fsmt,2012,0
fsmt,2013,0
fsmt,2014,0
fsmt,2015,0
fsmt,2016,0
fsmt,2017,0
fsmt,2018,0
fsmt,2019,0
gabt,1990,0
gabt,1991,0
gabt,1992,0
gabt,1993,0
gabt,1994,0
gabt,1995,0
gabt,1996,0
gabt,1997,0
gabt,1998,0
gabt,1999,0
gabt,2000,0
gabt,2001,0
gabt,2002,0
gabt,2003,0
gabt,2004,0
gabt,2005,0
gabt,2006,0
gabt,2007,0
gabt,2008,0
gabt,2009,0
gabt,2010,0
gabt,2011,0
gabt,2012,0
gabt,2013,0
gabt,2014,0
gabt,2015,0
gabt,2016,0
gabt,2017,0
gabt,2018,0
gabt,2019,0
gbrt,1990,0
gbrt,1991,0
gbrt,1992,0
gbrt,1993,0
gbrt,1994,0
gbrt,1995,0
gbrt,1996,0
gbrt,1997,0
gbrt,1998,0
gbrt,1999,0
gbrt,2000,0
gbrt,2001,0
gbrt,2002,0
gbrt,2003,0
gbrt,2004,0
gbrt,2005,0
gbrt,2006,0
gbrt,2007,0
gbrt,2008,0
gbrt,2009,0
gbrt,2010,0
gbrt,2011,0
gbrt,2012,0
gbrt,2013,0
gbrt,2014,0
gbrt,2015,0
gbrt,2016,0
gbrt,2017,0
gbrt,2018,0
gbrt,2019,0
geot,2000,0
geot,2001,0
geot,2002,0
geot,2003,0
geot,2004,0
geot,2005,0
geot,2006,0
geot,2007,0
geot,2008,0
geot,2009,0
geot,2010,0
geot,2011,0
geot,2012,0
geot,2013,0
geot,2014,0
geot,2015,0
geot,2016,0
geot,2017,0
geot,2018,0
geot,2019,0
ghat,1990,0
ghat,1991,0
ghat,1992,0
ghat,1993,0
ghat,1994,0
ghat,1995,0
ghat,1996,0
ghat,1997,0
ghat,1998,0
ghat,1999,0
ghat,2000,0
ghat,2001,0
ghat,2002,0
ghat,2003,0
ghat,2004,0
ghat,2005,0
ghat,2006,0
ghat,2007,0
ghat,2008,0
ghat,2009,0
ghat,2010,0
ghat,2011,0
ghat,2012,0
ghat,2013,0
ghat,2014,0
ghat,2015,0
ghat,2016,0
ghat,2017,0
ghat,2018,0
ghat,2019,0
gint,1990,0
gint,1991,0
gint,1992,0
gint,1993,0
gint,1994,0
gint,1995,0
gint,1996,0
gint,1997,0
gint,1998,0
gint,1999,0
gint,2000,0
gint,2001,0
gint,2002,0
gint,2003,0
gint,2004,0
gint,2005,0
gint,2006,0
gint,2007,0
gint,2008,0
gint,2009,0
gint,2010,0
gint,2011,0
gint,2012,0
gint,2013,0
gint,2014,0
gint,2015,0
gint,2016,0
gint,2017,0
gint,2018,0
gint,2019,0
gmbt,1990,0
gmbt,1991,0
gmbt,1992,0
gmbt,1993,0
gmbt,1994,0
gmbt,1995,0
gmbt,1996,0
gmbt,1997,0
gmbt,1998,0
gmbt,1999,0
gmbt,2000,0
gmbt,2001,0
gmbt,2002,0
gmbt,2003,0
gmbt,2004,0
gmbt,2005,0
gmbt,2006,0
gmbt,2007,0
gmbt,2008,0
gmbt,2009,0
gmbt,2010,0
gmbt,2011,0
gmbt,2012,0
gmbt,2013,0
gmbt,2014,0
gmbt,2015,0
gmbt,2016,0
gmbt,2017,0
gmbt,2018,0
gmbt,2019,0
gnbt,2005,1
gnbt,2006,1
gnbt,2007,1
gnbt,2008,1
gnbt,2009,1
gnbt,2010,1
gnbt,2011,1
gnbt,2012,1
gnbt,2013,1
gnbt,2014,1
gnbt,2015,1
gnbt,2016,1
gnbt,2017,1
gnbt,2018,1
gnbt,2019,1
gnqt,2000,1
gnqt,2001,1
gnqt,2002,1
gnqt,2003,1
gnqt,2004,1
gnqt,2005,1
gnqt,2006,1
gnqt,2007,1
gnqt,2008,1
gnqt,2009,1
gnqt,2010,1
gnqt,2011,1
gnqt,2012,1
gnqt,2013,1
gnqt,2014,1
gnqt,2015,1
gnqt,2016,1
gnqt,2017,1
gnqt,2018,1
gnqt,2019,1
grct,1990,0
grct,1991,0
grct,1992,0
grct,1993,0
grct,1994,0
grct,1995,0
grct,1996,0
grct,1997,0
grct,1998,0
grct,1999,0
grct,2000,0
grct,2001,0
grct,2002,0
grct,2003,0
grct,2004,0
grct,2005,0
grct,2006,0
grct,2007,0
grct,2008,0
grct,2009,0
grct,2010,0
grct,2011,0
grct,2012,0
grct,2013,0
grct,2014,0
grct,2015,0
grct,2016,0
grct,2017,0
grct,2018,0
grct,2019,0
grdt,2002,1
grdt,2003,1
grdt,2004,1
grdt,2005,1
grdt,2006,1
grdt,2007,1
grdt,2008,1
grdt,2009,1
grdt,2010,1
grdt,2011,1
grdt,2012,1
grdt,2013,1
grdt,2014,1
grdt,2015,1
grdt,2016,1
grdt,2017,1
grdt,2018,1
grdt,2019,1
gtmt,1990,0
gtmt,1991,0
gtmt,1992,0
gtmt,1993,0
gtmt,1994,0
gtmt,1995,0
gtmt,1996,0
gtmt,1997,0
gtmt,1998,0
gtmt,1999,0
gtmt,2000,0
gtmt,2001,0
gtmt,2002,0
gtmt,2003,0
gtmt,2004,0
gtmt,2005,0
gtmt,2006,0
gtmt,2007,0
gtmt,2008,0
gtmt,2009,0
gtmt,2010,0
gtmt,2011,0
gtmt,2012,0
gtmt,2013,0
gtmt,2014,0
gtmt,2015,0
gtmt,2016,0
gtmt,2017,0
gtmt,2018,0
gtmt,2019,0
guyt,1990,0
guyt,1991,0
guyt,1992,0
guyt,1993,0
guyt,1994,0
guyt,1995,0
guyt,1996,0
guyt,1997,0
guyt,1998,0
guyt,1999,0
guyt,2000,0
guyt,2001,0
guyt,2002,0
guyt,2003,0
guyt,2004,0
guyt,2005,0
guyt,2006,0
guyt,2007,0
guyt,2008,0
guyt,2009,0
guyt,2010,0
guyt,2011,0
guyt,2012,0
guyt,2013,0
guyt,2014,0
guyt,2015,0
guyt,2016,0
guyt,2017,0
guyt,2018,0
guyt,2019,0
hndt,1990,0
hndt,1991,0
hndt,1992,0
hndt,1993,0
hndt,1994,0
hndt,1995,0
hndt,1996,0
hndt,1997,0
hndt,1998,0
hndt,1999,0
hndt,2000,0
hndt,2001,0
hndt,2002,0
hndt,2003,0
hndt,2004,0
hndt,2005,0
hndt,2006,0
hndt,2007,0
hndt,2008,0
hndt,2009,0
hndt,2010,0
hndt,2011,0
hndt,2012,0
hndt,2013,0
hndt,2014,0
hndt,2015,0
hndt,2016,0
hndt,2017,0
hndt,2018,0
hndt,2019,0
hrvt,1990,0
hrvt,1991,0
hrvt,1992,0
hrvt,1993,0
hrvt,1994,0
hrvt,1995,0
hrvt,1996,0
hrvt,1997,0
hrvt,1998,0
hrvt,1999,0
hrvt,2000,0
hrvt,2001,0
hrvt,2002,0
hrvt,2003,0
hrvt,2004,0
hrvt,2005,0
hrvt,2006,0
hrvt,2007,0
hrvt,2008,0
hrvt,2009,0
hrvt,2010,0
hrvt,2011,0
hrvt,2012,0
hrvt,2013,0
hrvt,2014,0
hrvt,2015,0
hrvt,2016,0
hrvt,2017,0
hrvt,2018,0
hrvt,2019,0
htit,1990,0
htit,1991,0
htit,1992,0
htit,1993,0
htit,1994,0
htit,1995,0
htit,1996,0
htit,1997,0
htit,1998,0
htit,1999,0
htit,2000,0
htit,2001,0
htit,2002,0
htit,2003,0
htit,2004,0
htit,2005,0
htit,2006,0
htit,2007,0
htit,2008,0
htit,2009,0
htit,2010,0
htit,2011,0
htit,2012,0
htit,2013,0
htit,2014,0
htit,2015,0
htit,2016,0
htit,2017,0
htit,2018,0
htit,2019,0
hunt,1990,1
hunt,1991,1
hunt,1992,1
hunt,1993,1
hunt,1994,1
hunt,1995,1
hunt,1996,1
hunt,1997,1
hunt,1998,1
hunt,1999,1
hunt,2000,0
hunt,2001,0
hunt,2002,0
hunt,2003,0
hunt,2004,0
hunt,2005,0
hunt,2006,0
hunt,2007,0
hunt,2008,0
hunt,2009,0
hunt,2010,0
hunt,2011,0
hunt,2012,0
hunt,2013,0
hunt,2014,0
hunt,2015,0
hunt,2016,0
hunt,2017,0
hunt,2018,0
hunt,2019,0
idnt,1990,0
idnt,1991,0
idnt,1992,0
idnt,1993,0
idnt,1994,0
idnt,1995,0
idnt,1996,0
idnt,1997,0
idnt,1998,0
idnt,1999,0
idnt,2000,0
idnt,2001,0
idnt,2002,0
idnt,2003,0
idnt,2004,0
idnt,2005,0
idnt,2006,0
idnt,2007,0
idnt,2008,0
idnt,2009,0
idnt,2010,0
idnt,2011,0
idnt,2012,0
idnt,2013,0
idnt,2014,0
idnt,2015,0
idnt,2016,0
idnt,2017,0
idnt,2018,0
idnt,2019,0
indt,1990,0
indt,1991,0
indt,1992,0
indt,1993,0
indt,1994,0
indt,1995,0
indt,1996,0
indt,1997,0
indt,1998,0
indt,1999,0
indt,2000,0
indt,2001,0
indt,2002,0
indt,2003,0
indt,2004,0
indt,2005,0
indt,2006,0
indt,2007,0
indt,2008,0
indt,2009,0
indt,2010,0
indt,2011,0
indt,2012,0
indt,2013,0
indt,2014,0
indt,2015,0
indt,2016,0
indt,2017,0
indt,2018,0
indt,2019,0
irlt,1990,0
irlt,1991,0
irlt,1992,0
irlt,1993,0
irlt,1994,0
irlt,1995,0
irlt,1996,0
irlt,1997,0
irlt,1998,0
irlt,1999,0
irlt,2000,0
irlt,2001,0
irlt,2002,0
irlt,2003,0
irlt,2004,0
irlt,2005,0
irlt,2006,0
irlt,2007,0
irlt,2008,0
irlt,2009,0
irlt,2010,0
irlt,2011,0
irlt,2012,0
irlt,2013,0
irlt,2014,0
irlt,2015,0
irlt,2016,0
irlt,2017,0
irlt,2018,0
irlt,2019,0
irnt,1990,0
irnt,1991,0
irnt,1992,0
irnt,1993,0
irnt,1994,0
irnt,1995,0
irnt,1996,0
irnt,1997,0
irnt,1998,0
irnt,1999,0
irnt,2000,0
irnt,2001,0
irnt,2002,0
irnt,2003,0
irnt,2004,0
irnt,2005,0
irnt,2006,0
irnt,2007,0
irnt,2008,0
irnt,2009,0
irnt,2010,0
irnt,2011,0
irnt,2012,0
irnt,2013,0
irnt,2014,0
irnt,2015,0
irnt,2016,0
irnt,2017,0
irnt,2018,0
irnt,2019,0
irqt,1990,0
irqt,1991,0
irqt,1992,0
irqt,1993,0
irqt,1994,0
irqt,1995,0
irqt,1996,0
irqt,1997,0
irqt,1998,0
irqt,1999,0
irqt,2000,0
irqt,2001,0
irqt,2002,0
irqt,2003,0
irqt,2004,0
irqt,2005,0
irqt,2006,0
irqt,2007,0
irqt,2008,0
irqt,2009,0
irqt,2010,0
irqt,2011,0
irqt,2012,0
irqt,2013,0
irqt,2014,0
irqt,2015,0
irqt,2016,0
irqt,2017,0
irqt,2018,0
irqt,2019,0
islt,1990,0
islt,1991,0
islt,1992,0
islt,1993,0
islt,1994,0
islt,1995,0
islt,1996,0
islt,1997,0
islt,1998,0
islt,1999,0
islt,2000,0
islt,2001,0
islt,2002,0
islt,2003,0
islt,2004,0
islt,2005,0
islt,2006,0
islt,2007,0
islt,2008,0
islt,2009,0
islt,2010,0
islt,2011,0
islt,2012,0
islt,2013,0
islt,2014,0
islt,2015,0
islt,2016,0
islt,2017,0
islt,2018,0
islt,2019,0
isrt,1990,0
isrt,1991,0
isrt,1992,0
isrt,1993,0
isrt,1994,0
isrt,1995,0
isrt,1996,0
isrt,1997,0
isrt,1998,0
isrt,1999,0
isrt,2000,0
isrt,2001,0
isrt,2002,0
isrt,2003,0
isrt,2004,0
isrt,2005,0
isrt,2006,0
isrt,2007,0
isrt,2008,0
isrt,2009,0
isrt,2010,0
isrt,2011,0
isrt,2012,0
isrt,2013,0
isrt,2014,0
isrt,2015,0
isrt,2016,0
isrt,2017,0
isrt,2018,0
isrt,2019,0
itat,1990,0
itat,1991,0
itat,1992,0
itat,1993,0
itat,1994,0
itat,1995,0
itat,1996,0
itat,1997,0
itat,1998,0
itat,1999,0
itat,2000,0
itat,2001,0
itat,2002,0
itat,2003,0
itat,2004,0
itat,2005,0
itat,2006,0
itat,2007,0
itat,2008,0
itat,2009,0
itat,2010,0
itat,2011,0
itat,2012,0
itat,2013,0
itat,2014,0
itat,2015,0
itat,2016,0
itat,2017,0
itat,2018,0
itat,2019,0
jamt,1990,0
jamt,1991,0
jamt,1992,0
jamt,1993,0
jamt,1994,0
jamt,1995,0
jamt,1996,0
jamt,1997,0
jamt,1998,0
jamt,1999,0
jamt,2000,0
jamt,2001,0
jamt,2002,0
jamt,2003,0
jamt,2004,0
jamt,2005,0
jamt,2006,0
jamt,2007,0
jamt,2008,0
jamt,2009,0
jamt,2010,0
jamt,2011,0
jamt,2012,0
jamt,2013,0
jamt,2014,0
jamt,2015,0
jamt,2016,0
jamt,2017,0
jamt,2018,0
jamt,2019,0
jort,1990,0
jort,1991,0
jort,1992,0
jort,1993,0
jort,1994,0
jort,1995,0
jort,1996,0
jort,1997,0
jort,1998,0
jort,1999,0
jort,2000,0
jort,2001,0
jort,2002,0
jort,2003,0
jort,2004,0
jort,2005,0
jort,2006,0
jort,2007,0
jort,2008,0
jort,2009,0
jort,2010,0
jort,2011,0
jort,2012,0
jort,2013,0
jort,2014,0
jort,2015,0
jort,2016,0
jort,2017,0
jort,2018,0
jort,2019,0
jpnt,1990,0
jpnt,1991,0
jpnt,1992,0
jpnt,1993,0
jpnt,1994,0
jpnt,1995,0
jpnt,1996,0
jpnt,1997,0
jpnt,1998,0
jpnt,1999,0
jpnt,2000,0
jpnt,2001,0
jpnt,2002,0
jpnt,2003,0
jpnt,2004,0
jpnt,2005,0
jpnt,2006,0
jpnt,2007,0
jpnt,2008,0
jpnt,2009,0
jpnt,2010,0
jpnt,2011,0
jpnt,2012,0
jpnt,2013,0
jpnt,2014,0
jpnt,2015,0
jpnt,2016,0
jpnt,2017,0
jpnt,2018,0
jpnt,2019,0
kazt,1990,1
kazt,1991,1
kazt,1992,1
kazt,1993,1
kazt,1994,1
kazt,1995,1
kazt,1996,1
kazt,1997,1
kazt,1998,1
kazt,1999,1
kazt,2000,0
kazt,2001,0
kazt,2002,0
kazt,2003,0
kazt,2004,0
kazt,2005,0
kazt,2006,0
kazt,2007,0
kazt,2008,0
kazt,2009,0
kazt,2010,0
kazt,2011,0
kazt,2012,0
kazt,2013,0
kazt,2014,0
kazt,2015,0
kazt,2016,0
kazt,2017,0
kazt,2018,0
kazt,2019,0
kent,1990,0
kent,1991,0
kent,1992,0
kent,1993,0
kent,1994,0
kent,1995,0
kent,1996,0
kent,1997,0
kent,1998,0
kent,1999,0
kent,2000,0
kent,2001,0
kent,2002,0
kent,2003,0
kent,2004,0
kent,2005,0
kent,2006,0
kent,2007,0
kent,2008,0
kent,2009,0
kent,2010,0
kent,2011,0
kent,2012,0
kent,2013,0
kent,2014,0
kent,2015,0
kent,2016,0
kent,2017,0
kent,2018,0
kent,2019,0
kgzt,1990,0
kgzt,1991,0
kgzt,1992,0
kgzt,1993,0
kgzt,1994,0
kgzt,1995,0
kgzt,1996,0
kgzt,1997,0
kgzt,1998,0
kgzt,1999,0
kgzt,2000,0
kgzt,2001,0
kgzt,2002,0
kgzt,2003,0
kgzt,2004,0
kgzt,2005,0
kgzt,2006,0
kgzt,2007,0
kgzt,2008,0
kgzt,2009,0
kgzt,2010,0
kgzt,2011,0
kgzt,2012,0
kgzt,2013,0
kgzt,2014,0
kgzt,2015,0
kgzt,2016,0
kgzt,2017,0
kgzt,2018,0
kgzt,2019,0
khmt,1990,0
khmt,1991,0
khmt,1992,0
khmt,1993,0
khmt,1994,0
khmt,1995,0
khmt,1996,0
khmt,1997,0
khmt,1998,0
khmt,1999,0
khmt,2000,0
khmt,2001,0
khmt,2002,0
khmt,2003,0
khmt,2004,0
khmt,2005,0
khmt,2006,0
khmt,2007,0
khmt,2008,0
khmt,2009,0
khmt,2010,0
khmt,2011,0
khmt,2012,0
khmt,2013,0
khmt,2014,0
khmt,2015,0
khmt,2016,0
khmt,2017,0
khmt,2018,0
khmt,2019,0
kirt,2000,1
kirt,2001,1
kirt,2002,1
kirt,2003,1
kirt,2004,1
kirt,2005,1
kirt,2006,1
kirt,2007,1
kirt,2008,1
kirt,2009,1
kirt,2010,1
kirt,2011,1
kirt,2012,1
kirt,2013,1
kirt,2014,1
kirt,2015,1
kirt,2016,1
kirt,2017,1
kirt,2018,1
kirt,2019,1
knat,2005,1
knat,2006,1
knat,2007,1
knat,2008,1
knat,2009,1
knat,2010,1
knat,2011,1
knat,2012,1
knat,2013,1
knat,2014,1
knat,2015,1
knat,2016,1
knat,2017,1
knat,2018,1
knat,2019,1
kort,1990,0
kort,1991,0
kort,1992,0
kort,1993,0
kort,1994,0
kort,1995,0
kort,1996,0
kort,1997,0
kort,1998,0
kort,1999,0
kort,2000,0
kort,2001,0
kort,2002,0
kort,2003,0
kort,2004,0
kort,2005,0
kort,2006,0
kort,2007,0
kort,2008,0
kort,2009,0
kort,2010,0
kort,2011,0
kort,2012,0
kort,2013,0
kort,2014,0
kort,2015,0
kort,2016,0
kort,2017,0
kort,2018,0
kort,2019,0
ksvt,2010,1
ksvt,2011,1
ksvt,2012,1
ksvt,2013,1
ksvt,2014,1
ksvt,2015,1
ksvt,2016,1
ksvt,2017,1
ksvt,2018,1
ksvt,2019,1
kwtt,1990,0
kwtt,1991,0
kwtt,1992,0
kwtt,1993,0
kwtt,1994,0
kwtt,1995,0
kwtt,1996,0
kwtt,1997,0
kwtt,1998,0
kwtt,1999,0
kwtt,2000,0
kwtt,2001,0
kwtt,2002,0
kwtt,2003,0
kwtt,2004,0
kwtt,2005,0
kwtt,2006,0
kwtt,2007,0
kwtt,2008,0
kwtt,2009,0
kwtt,2010,0
kwtt,2011,0
kwtt,2012,0
kwtt,2013,0
kwtt,2014,0
kwtt,2015,0
kwtt,2016,0
kwtt,2017,0
kwtt,2018,0
kwtt,2019,0
laot,1990,0
laot,1991,0
laot,1992,0
laot,1993,0
laot,1994,0
laot,1995,0
laot,1996,0
laot,1997,0
laot,1998,0
laot,1999,0
laot,2000,0
laot,2001,0
laot,2002,0
laot,2003,0
laot,2004,0
laot,2005,0
laot,2006,0
laot,2007,0
laot,2008,0
laot,2009,0
laot,2010,0
laot,2011,0
laot,2012,0
laot,2013,0
laot,2014,0
laot,2015,0
laot,2016,0
laot,2017,0
laot,2018,0
laot,2019,0
lbnt,2005,0
lbnt,2006,0
lbnt,2007,0
lbnt,2008,0
lbnt,2009,0
lbnt,2010,0
lbnt,2011,0
lbnt,2012,0
lbnt,2013,0
lbnt,2014,0
lbnt,2015,0
lbnt,2016,0
lbnt,2017,0
lbnt,2018,0
lbnt,2019,0
lbrt,1999,1
lbrt,2000,0
lbrt,2001,0
lbrt,2002,0
lbrt,2003,0
lbrt,2004,0
lbrt,2005,0
lbrt,2006,0
lbrt,2007,0
lbrt,2008,0
lbrt,2009,0
lbrt,2010,0
lbrt,2011,0
lbrt,2012,0
lbrt,2013,0
lbrt,2014,0
lbrt,2015,0
lbrt,2016,0
lbrt,2017,0
lbrt,2018,0
lbrt,2019,0
lbyt,1990,0
lbyt,1991,0
lbyt,1992,0
lbyt,1993,0
lbyt,1994,0
lbyt,1995,0
lbyt,1996,0
lbyt,1997,0
lbyt,1998,0
lbyt,1999,0
lbyt,2000,0
lbyt,2001,0
lbyt,2002,0
lbyt,2003,0
lbyt,2004,0
lbyt,2005,0
lbyt,2006,0
lbyt,2007,0
lbyt,2008,0
lbyt,2009,0
lbyt,2010,0
lbyt,2011,0
lbyt,2012,0
lbyt,2013,0
lbyt,2014,0
lbyt,2015,0
lbyt,2016,0
lbyt,2017,0
lbyt,2018,0
lbyt,2019,0
lcat,2000,0
lcat,2001,0
lcat,2002,0
lcat,2003,0
lcat,2004,0
lcat,2005,0
lcat,2006,0
lcat,2007,0
lcat,2008,0
lcat,2009,0
lcat,2010,0
lcat,2011,0
lcat,2012,0
lcat,2013,0
lcat,2014,0
lcat,2015,0
lcat,2016,0
lcat,2017,0
lcat,2018,0
lcat,2019,0
liet,2000,1
liet,2001,1
liet,2002,1
liet,2003,1
liet,2004,1
liet,2005,1
liet,2006,1
liet,2007,1
liet,2008,1
liet,2009,1
liet,2010,1
liet,2011,1
liet,2012,1
liet,2013,1
liet,2014,1
liet,2015,1
liet,2016,1
liet,2017,1
liet,2018,1
liet,2019,1
lkat,1990,0
lkat,1991,0
lkat,1992,0
lkat,1993,0
lkat,1994,0
lkat,1995,0
lkat,1996,0
lkat,1997,0
lkat,1998,0
lkat,1999,0
lkat,2000,0
lkat,2001,0
lkat,2002,0
lkat,2003,0
lkat,2004,0
lkat,2005,0
lkat,2006,0
lkat,2007,0
lkat,2008,0
lkat,2009,0
lkat,2010,0
lkat,2011,0
lkat,2012,0
lkat,2013,0
lkat,2014,0
lkat,2015,0
lkat,2016,0
lkat,2017,0
lkat,2018,0
lkat,2019,0
lsot,1990,0
lsot,1991,0
lsot,1992,0
lsot,1993,0
lsot,1994,0
lsot,1995,0
lsot,1996,0
lsot,1997,0
lsot,1998,0
lsot,1999,0
lsot,2000,0
lsot,2001,0
lsot,2002,0
lsot,2003,0
lsot,2004,0
lsot,2005,0
lsot,2006,0
lsot,2007,0
lsot,2008,0
lsot,2009,0
lsot,2010,0
lsot,2011,0
lsot,2012,0
lsot,2013,0
lsot,2014,0
lsot,2015,0
lsot,2016,0
lsot,2017,0
lsot,2018,0
lsot,2019,0
ltut,1990,0
ltut,1991,0
ltut,1992,0
ltut,1993,0
ltut,1994,0
ltut,1995,0
ltut,1996,0
ltut,1997,0
ltut,1998,0
ltut,1999,0
ltut,2000,0
ltut,2001,0
ltut,2002,0
ltut,2003,0
ltut,2004,0
ltut,2005,0
ltut,2006,0
ltut,2007,0
ltut,2008,0
ltut,2009,0
ltut,2010,0
ltut,2011,0
ltut,2012,0
ltut,2013,0
ltut,2014,0
ltut,2015,0
ltut,2016,0
ltut,2017,0
ltut,2018,0
ltut,2019,0
luxt,1990,0
luxt,1991,0
luxt,1992,0
luxt,1993,0
luxt,1994,0
luxt,1995,0
luxt,1996,0
luxt,1997,0
luxt,1998,0
luxt,1999,0
luxt,2000,0
luxt,2001,0
luxt,2002,0
luxt,2003,0
luxt,2004,0
luxt,2005,0
luxt,2006,0
luxt,2007,0
luxt,2008,0
luxt,2009,0
luxt,2010,0
luxt,2011,0
luxt,2012,0
luxt,2013,0
luxt,2014,0
luxt,2015,0
luxt,2016,0
luxt,2017,0
luxt,2018,0
luxt,2019,0
lvat,1990,0
lvat,1991,0
lvat,1992,0
lvat,1993,0
lvat,1994,0
lvat,1995,0
lvat,1996,0
lvat,1997,0
lvat,1998,0
lvat,1999,0
lvat,2000,0
lvat,2001,0
lvat,2002,0
lvat,2003,0
lvat,2004,0
lvat,2005,0
lvat,2006,0
lvat,2007,0
lvat,2008,0
lvat,2009,0
lvat,2010,0
lvat,2011,0
lvat,2012,0
lvat,2013,0
lvat,2014,0
lvat,2015,0
lvat,2016,0
lvat,2017,0
lvat,2018,0
lvat,2019,0
mart,1990,0
mart,1991,0
mart,1992,0
mart,1993,0
mart,1994,0
mart,1995,0
mart,1996,0
mart,1997,0
mart,1998,0
mart,1999,0
mart,2000,0
mart,2001,0
mart,2002,0
mart,2003,0
mart,2004,0
mart,2005,0
mart,2006,0
mart,2007,0
mart,2008,0
mart,2009,0
mart,2010,0
mart,2011,0
mart,2012,0
mart,2013,0
mart,2014,0
mart,2015,0
mart,2016,0
mart,2017,0
mart,2018,0
mart,2019,0
mdat,1990,0
mdat,1991,0
mdat,1992,0
mdat,1993,0
mdat,1994,0
mdat,1995,0
mdat,1996,0
mdat,1997,0
mdat,1998,0
mdat,1999,0
mdat,2000,0
mdat,2001,0
mdat,2002,0
mdat,2003,0
mdat,2004,0
mdat,2005,0
mdat,2006,0
mdat,2007,0
mdat,2008,0
mdat,2009,0
mdat,2010,0
mdat,2011,0
mdat,2012,0
mdat,2013,0
mdat,2014,0
mdat,2015,0
mdat,2016,0
mdat,2017,0
mdat,2018,0
mdat,2019,0
mdgt,2000,0
mdgt,2001,0
mdgt,2002,0
mdgt,2003,0
mdgt,2004,0
mdgt,2005,0
mdgt,2006,0
mdgt,2007,0
mdgt,2008,0
mdgt,2009,0
mdgt,2010,0
mdgt,2011,0
mdgt,2012,0
mdgt,2013,0
mdgt,2014,0
mdgt,2015,0
mdgt,2016,0
mdgt,2017,0
mdgt,2018,0
mdgt,2019,0
mdvt,1995,1
mdvt,1996,1
mdvt,1997,1
mdvt,1998,1
mdvt,1999,1
mdvt,2000,0
mdvt,2001,0
mdvt,2002,0
mdvt,2003,0
mdvt,2004,0
mdvt,2005,0
mdvt,2006,0
mdvt,2007,0
mdvt,2008,0
mdvt,2009,0
mdvt,2010,0
mdvt,2011,0
mdvt,2012,0
mdvt,2013,0
mdvt,2014,0
mdvt,2015,0
mdvt,2016,0
mdvt,2017,0
mdvt,2018,0
mdvt,2019,0
mext,1990,0
mext,1991,0
mext,1992,0
mext,1993,0
mext,1994,0
mext,1995,0
mext,1996,0
mext,1997,0
mext,1998,0
mext,1999,0
mext,2000,0
mext,2001,0
mext,2002,0
mext,2003,0
mext,2004,0
mext,2005,0
mext,2006,0
mext,2007,0
mext,2008,0
mext,2009,0
mext,2010,0
mext,2011,0
mext,2012,0
mext,2013,0
mext,2014,0
mext,2015,0
mext,2016,0
mext,2017,0
mext,2018,0
mext,2019,0
mkdt,2000,1
mkdt,2001,1
mkdt,2002,1
mkdt,2003,1
mkdt,2004,1
mkdt,2005,0
mkdt,2006,0
mkdt,2007,0
mkdt,2008,0
mkdt,2009,0
mkdt,2010,0
mkdt,2011,0
mkdt,2012,0
mkdt,2013,0
mkdt,2014,0
mkdt,2015,0
mkdt,2016,0
mkdt,2017,0
mkdt,2018,0
mkdt,2019,0
mlit,1990,0
mlit,1991,0
mlit,1992,0
mlit,1993,0
mlit,1994,0
mlit,1995,0
mlit,1996,0
mlit,1997,0
mlit,1998,0
mlit,1999,0
mlit,2000,0
mlit,2001,0
mlit,2002,0
mlit,2003,0
mlit,2004,0
mlit,2005,0
mlit,2006,0
mlit,2007,0
mlit,2008,0
mlit,2009,0
mlit,2010,0
mlit,2011,0
mlit,2012,0
mlit,2013,0
mlit,2014,0
mlit,2015,0
mlit,2016,0
mlit,2017,0
mlit,2018,0
mlit,2019,0
mmrt,1990,1
mmrt,1991,1
mmrt,1992,1
mmrt,1993,1
mmrt,1994,1
mmrt,1995,1
mmrt,1996,1
mmrt,1997,1
mmrt,1998,1
mmrt,1999,1
mmrt,2000,1
mmrt,2001,1
mmrt,2002,1
mmrt,2003,1
mmrt,2004,1
mmrt,2005,1
mmrt,2006,1
mmrt,2007,1
mmrt,2008,1
mmrt,2009,1
mmrt,2010,1
mmrt,2011,1
mmrt,2012,1
mmrt,2013,1
mmrt,2014,1
mmrt,2015,1
mmrt,2016,1
mmrt,2017,0
mmrt,2018,0
mmrt,2019,0
mnet,2006,0
mnet,2007,0
mnet,2008,0
mnet,2009,0
mnet,2010,0
mnet,2011,0
mnet,2012,0
mnet,2013,0
mnet,2014,0
mnet,2015,0
mnet,2016,0
mnet,2017,0
mnet,2018,0
mnet,2019,0
mngt,1990,0
mngt,1991,0
mngt,1992,0
mngt,1993,0
mngt,1994,0
mngt,1995,0
mngt,1996,0
mngt,1997,0
mngt,1998,0
mngt,1999,0
mngt,2000,0
mngt,2001,0
mngt,2002,0
mngt,2003,0
mngt,2004,0
mngt,2005,0
mngt,2006,0
mngt,2007,0
mngt,2008,0
mngt,2009,0
mngt,2010,0
mngt,2011,0
mngt,2012,0
mngt,2013,0
mngt,2014,0
mngt,2015,0
mngt,2016,0
mngt,2017,0
mngt,2018,0
mngt,2019,0
mozt,1990,0
mozt,1991,0
mozt,1992,0
mozt,1993,0
mozt,1994,0
mozt,1995,0
mozt,1996,0
mozt,1997,0
mozt,1998,0
mozt,1999,0
mozt,2000,0
mozt,2001,0
mozt,2002,0
mozt,2003,0
mozt,2004,0
mozt,2005,0
mozt,2006,0
mozt,2007,0
mozt,2008,0
mozt,2009,0
mozt,2010,0
mozt,2011,0
mozt,2012,0
mozt,2013,0
mozt,2014,0
mozt,2015,0
mozt,2016,0
mozt,2017,0
mozt,2018,0
mozt,2019,0
mrtt,1990,0
mrtt,1991,0
mrtt,1992,0
mrtt,1993,0
mrtt,1994,0
mrtt,1995,0
mrtt,1996,0
mrtt,1997,0
mrtt,1998,0
mrtt,1999,0
mrtt,2000,0
mrtt,2001,0
mrtt,2002,0
mrtt,2003,0
mrtt,2004,0
mrtt,2005,0
mrtt,2006,0
mrtt,2007,0
mrtt,2008,0
mrtt,2009,0
mrtt,2010,0
mrtt,2011,0
mrtt,2012,0
mrtt,2013,0
mrtt,2014,0
mrtt,2015,0
mrtt,2016,0
mrtt,2017,0
mrtt,2018,0
mrtt,2019,0
must,1990,0
must,1991,0
must,1992,0
must,1993,0
must,1994,0
must,1995,0
must,1996,0
must,1997,0
must,1998,0
must,1999,0
must,2000,0
must,2001,0
must,2002,0
must,2003,0
must,2004,0
must,2005,0
must,2006,0
must,2007,0
must,2008,0
must,2009,0
must,2010,0
must,2011,0
must,2012,0
must,2013,0
must,2014,0
must,2015,0
must,2016,0
must,2017,0
must,2018,0
must,2019,0
mwit,1990,0
mwit,1991,0
mwit,1992,0
mwit,1993,0
mwit,1994,0
mwit,1995,0
mwit,1996,0
mwit,1997,0
mwit,1998,0
mwit,1999,0
mwit,2000,0
mwit,2001,0
mwit,2002,0
mwit,2003,0
mwit,2004,0
mwit,2005,0
mwit,2006,0
mwit,2007,0
mwit,2008,0
mwit,2009,0
mwit,2010,0
mwit,2011,0
mwit,2012,0
mwit,2013,0
mwit,2014,0
mwit,2015,0
mwit,2016,0
mwit,2017,0
mwit,2018,0
mwit,2019,0
myst,1990,0
myst,1991,0
myst,1992,0
myst,1993,0
myst,1994,0
myst,1995,0
myst,1996,0
myst,1997,0
myst,1998,0
myst,1999,0
myst,2000,0
myst,2001,0
myst,2002,0
myst,2003,0
myst,2004,0
myst,2005,0
myst,2006,0
myst,2007,0
myst,2008,0
myst,2009,0
myst,2010,0
myst,2011,0
myst,2012,0
myst,2013,0
myst,2014,0
myst,2015,0
myst,2016,0
myst,2017,0
myst,2018,0
myst,2019,0
namt,1990,0
namt,1991,0
namt,1992,0
namt,1993,0
namt,1994,0
namt,1995,0
namt,1996,0
namt,1997,0
namt,1998,0
namt,1999,0
namt,2000,0
namt,2001,0
namt,2002,0
namt,2003,0
namt,2004,0
namt,2005,0
namt,2006,0
namt,2007,0
namt,2008,0
namt,2009,0
namt,2010,0
namt,2011,0
namt,2012,0
namt,2013,0
namt,2014,0
namt,2015,0
namt,2016,0
namt,2017,0
namt,2018,0
namt,2019,0
nert,1990,0
nert,1991,0
nert,1992,0
nert,1993,0
nert,1994,0
nert,1995,0
nert,1996,0
nert,1997,0
nert,1998,0
nert,1999,0
nert,2000,0
nert,2001,0
nert,2002,0
nert,2003,0
nert,2004,0
nert,2005,0
nert,2006,0
nert,2007,0
nert,2008,0
nert,2009,0
nert,2010,0
nert,2011,0
nert,2012,0
nert,2013,0
nert,2014,0
nert,2015,0
nert,2016,0
nert,2017,0
nert,2018,0
nert,2019,0
ngat,2003,1
ngat,2004,1
ngat,2005,0
ngat,2006,0
ngat,2007,0
ngat,2008,0
ngat,2009,0
ngat,2010,0
ngat,2011,0
ngat,2012,0
ngat,2013,0
ngat,2014,0
ngat,2015,0
ngat,2016,0
ngat,2017,0
ngat,2018,0
ngat,2019,0
nict,1990,1
nict,1991,1
nict,1992,1
nict,1993,1
nict,1994,1
nict,1995,1
nict,1996,1
nict,1997,1
nict,1998,1
nict,1999,1
nict,2000,0
nict,2001,0
nict,2002,0
nict,2003,0
nict,2004,0
nict,2005,0
nict,2006,0
nict,2007,0
nict,2008,0
nict,2009,0
nict,2010,0
nict,2011,0
nict,2012,0
nict,2013,0
nict,2014,0
nict,2015,0
nict,2016,0
nict,2017,0
nict,2018,0
nict,2019,0
nldt,1990,0
nldt,1991,0
nldt,1992,0
nldt,1993,0
nldt,1994,0
nldt,1995,0
nldt,1996,0
nldt,1997,0
nldt,1998,0
nldt,1999,0
nldt,2000,0
nldt,2001,0
nldt,2002,0
nldt,2003,0
nldt,2004,0
nldt,2005,0
nldt,2006,0
nldt,2007,0
nldt,2008,0
nldt,2009,0
nldt,2010,0
nldt,2011,0
nldt,2012,0
nldt,2013,0
nldt,2014,0
nldt,2015,0
nldt,2016,0
nldt,2017,0
nldt,2018,0
nldt,2019,0
nort,1990,0
nort,1991,0
nort,1992,0
nort,1993,0
nort,1994,0
nort,1995,0
nort,1996,0
nort,1997,0
nort,1998,0
nort,1999,0
nort,2000,0
nort,2001,0
nort,2002,0
nort,2003,0
nort,2004,0
nort,2005,0
nort,2006,0
nort,2007,0
nort,2008,0
nort,2009,0
nort,2010,0
nort,2011,0
nort,2012,0
nort,2013,0
nort,2014,0
nort,2015,0
nort,2016,0
nort,2017,0
nort,2018,0
nort,2019,0
nplt,1990,0
nplt,1991,0
nplt,1992,0
nplt,1993,0
nplt,1994,0
nplt,1995,0
nplt,1996,0
nplt,1997,0
nplt,1998,0
nplt,1999,0
nplt,2000,0
nplt,2001,0
nplt,2002,0
nplt,2003,0
nplt,2004,0
nplt,2005,0
nplt,2006,0
nplt,2007,0
nplt,2008,0
nplt,2009,0
nplt,2010,0
nplt,2011,0
nplt,2012,0
nplt,2013,0
nplt,2014,0
nplt,2015,0
nplt,2016,0
nplt,2017,0
nplt,2018,0
nplt,2019,0
nzlt,1990,0
nzlt,1991,0
nzlt,1992,0
nzlt,1993,0
nzlt,1994,0
nzlt,1995,0
nzlt,1996,0
nzlt,1997,0
nzlt,1998,0
nzlt,1999,0
nzlt,2000,0
nzlt,2001,0
nzlt,2002,0
nzlt,2003,0
nzlt,2004,0
nzlt,2005,0
nzlt,2006,0
nzlt,2007,0
nzlt,2008,0
nzlt,2009,0
nzlt,2010,0
nzlt,2011,0
nzlt,2012,0
nzlt,2013,0
nzlt,2014,0
nzlt,2015,0
nzlt,2016,0
nzlt,2017,0
nzlt,2018,0
nzlt,2019,0
omnt,2000,0
omnt,2001,0
omnt,2002,0
omnt,2003,0
omnt,2004,0
omnt,2005,0
omnt,2006,0
omnt,2007,0
omnt,2008,0
omnt,2009,0
omnt,2010,0
omnt,2011,0
omnt,2012,0
omnt,2013,0
omnt,2014,0
omnt,2015,0
omnt,2016,0
omnt,2017,0
omnt,2018,0
omnt,2019,0
pakt,1990,0
pakt,1991,0
pakt,1992,0
pakt,1993,0
pakt,1994,0
pakt,1995,0
pakt,1996,0
pakt,1997,0
pakt,1998,0
pakt,1999,0
pakt,2000,0
pakt,2001,0
pakt,2002,0
pakt,2003,0
pakt,2004,0
pakt,2005,0
pakt,2006,0
pakt,2007,0
pakt,2008,0
pakt,2009,0
pakt,2010,0
pakt,2011,0
pakt,2012,0
pakt,2013,0
pakt,2014,0
pakt,2015,0
pakt,2016,0
pakt,2017,0
pakt,2018,0
pakt,2019,0
pant,1990,0
pant,1991,0
pant,1992,0
pant,1993,0
pant,1994,0
pant,1995,0
pant,1996,0
pant,1997,0
pant,1998,0
pant,1999,0
pant,2000,0
pant,2001,0
pant,2002,0
pant,2003,0
pant,2004,0
pant,2005,0
pant,2006,0
pant,2007,0
pant,2008,0
pant,2009,0
pant,2010,0
pant,2011,0
pant,2012,0
pant,2013,0
pant,2014,0
pant,2015,0
pant,2016,0
pant,2017,0
pant,2018,0
pant,2019,0
pert,1990,1
pert,1991,1
pert,1992,1
pert,1993,1
pert,1994,1
pert,1995,1
pert,1996,1
pert,1997,1
pert,1998,1
pert,1999,1
pert,2000,0
pert,2001,0
pert,2002,0
pert,2003,0
pert,2004,0
pert,2005,0
pert,2006,0
pert,2007,0
pert,2008,0
pert,2009,0
pert,2010,0
pert,2011,0
pert,2012,0
pert,2013,0
pert,2014,0
pert,2015,0
pert,2016,0
pert,2017,0
pert,2018,0
pert,2019,0
phlt,1990,0
phlt,1991,0
phlt,1992,0
phlt,1993,0
phlt,1994,0
phlt,1995,0
phlt,1996,0
phlt,1997,0
phlt,1998,0
phlt,1999,0
phlt,2000,0
phlt,2001,0
phlt,2002,0
phlt,2003,0
phlt,2004,0
phlt,2005,0
phlt,2006,0
phlt,2007,0
phlt,2008,0
phlt,2009,0
phlt,2010,0
phlt,2011,0
phlt,2012,0
phlt,2013,0
phlt,2014,0
phlt,2015,0
phlt,2016,0
phlt,2017,0
phlt,2018,0
phlt,2019,0
pngt,1990,0
pngt,1991,0
pngt,1992,0
pngt,1993,0
pngt,1994,0
pngt,1995,0
pngt,1996,0
pngt,1997,0
pngt,1998,0
pngt,1999,0
pngt,2000,0
pngt,2001,0
pngt,2002,0
pngt,2003,0
pngt,2004,0
pngt,2005,0
pngt,2006,0
pngt,2007,0
pngt,2008,0
pngt,2009,0
pngt,2010,0
pngt,2011,0
pngt,2012,0
pngt,2013,0
pngt,2014,0
pngt,2015,0
pngt,2016,0
pngt,2017,0
pngt,2018,0
pngt,2019,0
polt,1990,0
polt,1991,0
polt,1992,0
polt,1993,0
polt,1994,0
polt,1995,0
polt,1996,0
polt,1997,0
polt,1998,0
polt,1999,0
polt,2000,0
polt,2001,0
polt,2002,0
polt,2003,0
polt,2004,0
polt,2005,0
polt,2006,0
polt,2007,0
polt,2008,0
polt,2009,0
polt,2010,0
polt,2011,0
polt,2012,0
polt,2013,0
polt,2014,0
polt,2015,0
polt,2016,0
polt,2017,0
polt,2018,0
polt,2019,0
prtt,1990,0
prtt,1991,0
prtt,1992,0
prtt,1993,0
prtt,1994,0
prtt,1995,0
prtt,1996,0
prtt,1997,0
prtt,1998,0
prtt,1999,0
prtt,2000,0
prtt,2001,0
prtt,2002,0
prtt,2003,0
prtt,2004,0
prtt,2005,0
prtt,2006,0
prtt,2007,0
prtt,2008,0
prtt,2009,0
prtt,2010,0
prtt,2011,0
prtt,2012,0
prtt,2013,0
prtt,2014,0
prtt,2015,0
prtt,2016,0
prtt,2017,0
prtt,2018,0
prtt,2019,0
pryt,1990,0
pryt,1991,0
pryt,1992,0
pryt,1993,0
pryt,1994,0
pryt,1995,0
pryt,1996,0
pryt,1997,0
pryt,1998,0
pryt,1999,0
pryt,2000,0
pryt,2001,0
pryt,2002,0
pryt,2003,0
pryt,2004,0
pryt,2005,0
pryt,2006,0
pryt,2007,0
pryt,2008,0
pryt,2009,0
pryt,2010,0
pryt,2011,0
pryt,2012,0
pryt,2013,0
pryt,2014,0
pryt,2015,0
pryt,2016,0
pryt,2017,0
pryt,2018,0
pryt,2019,0
pset,2004,1
pset,2005,0
pset,2006,0
pset,2007,0
pset,2008,0
pset,2009,0
pset,2010,0
pset,2011,0
pset,2012,0
pset,2013,0
pset,2014,0
pset,2015,0
pset,2016,0
pset,2017,0
pset,2018,0
pset,2019,0
qatt,1990,0
qatt,1991,0
qatt,1992,0
qatt,1993,0
qatt,1994,0
qatt,1995,0
qatt,1996,0
qatt,1997,0
qatt,1998,0
qatt,1999,0
qatt,2000,0
qatt,2001,0
qatt,2002,0
qatt,2003,0
qatt,2004,0
qatt,2005,0
qatt,2006,0
qatt,2007,0
qatt,2008,0
qatt,2009,0
qatt,2010,0
qatt,2011,0
qatt,2012,0
qatt,2013,0
qatt,2014,0
qatt,2015,0
qatt,2016,0
qatt,2017,0
qatt,2018,0
qatt,2019,0
rout,1990,0
rout,1991,0
rout,1992,0
rout,1993,0
rout,1994,0
rout,1995,0
rout,1996,0
rout,1997,0
rout,1998,0
rout,1999,0
rout,2000,0
rout,2001,0
rout,2002,0
rout,2003,0
rout,2004,0
rout,2005,0
rout,2006,0
rout,2007,0
rout,2008,0
rout,2009,0
rout,2010,0
rout,2011,0
rout,2012,0
rout,2013,0
rout,2014,0
rout,2015,0
rout,2016,0
rout,2017,0
rout,2018,0
rout,2019,0
rust,1990,0
rust,1991,0
rust,1992,0
rust,1993,0
rust,1994,0
rust,1995,0
rust,1996,0
rust,1997,0
rust,1998,0
rust,1999,0
rust,2000,0
rust,2001,0
rust,2002,0
rust,2003,0
rust,2004,0
rust,2005,0
rust,2006,0
rust,2007,0
rust,2008,0
rust,2009,0
rust,2010,0
rust,2011,0
rust,2012,0
rust,2013,0
rust,2014,0
rust,2015,0
rust,2016,0
rust,2017,0
rust,2018,0
rust,2019,0
rwat,1990,0
rwat,1991,0
rwat,1992,0
rwat,1993,0
rwat,1994,0
rwat,1995,0
rwat,1996,0
rwat,1997,0
rwat,1998,0
rwat,1999,0
rwat,2000,0
rwat,2001,0
rwat,2002,0
rwat,2003,0
rwat,2004,0
rwat,2005,0
rwat,2006,0
rwat,2007,0
rwat,2008,0
rwat,2009,0
rwat,2010,0
rwat,2011,0
rwat,2012,0
rwat,2013,0
rwat,2014,0
rwat,2015,0
rwat,2016,0
rwat,2017,0
rwat,2018,0
rwat,2019,0
saut,1990,0
saut,1991,0
saut,1992,0
saut,1993,0
saut,1994,0
saut,1995,0
saut,1996,0
saut,1997,0
saut,1998,0
saut,1999,0
saut,2000,0
saut,2001,0
saut,2002,0
saut,2003,0
saut,2004,0
saut,2005,0
saut,2006,0
saut,2007,0
saut,2008,0
saut,2009,0
saut,2010,0
saut,2011,0
saut,2012,0
saut,2013,0
saut,2014,0
saut,2015,0
saut,2016,0
saut,2017,0
saut,2018,0
saut,2019,0
sdnt,1990,1
sdnt,1991,1
sdnt,1992,1
sdnt,1993,1
sdnt,1994,1
sdnt,1995,1
sdnt,1996,1
sdnt,1997,1
sdnt,1998,1
sdnt,1999,1
sdnt,2000,1
sdnt,2001,1
sdnt,2002,1
sdnt,2003,1
sdnt,2004,1
sdnt,2005,0
sdnt,2006,0
sdnt,2007,0
sdnt,2008,0
sdnt,2009,0
sdnt,2010,0
sdnt,2011,0
sdnt,2012,0
sdnt,2013,0
sdnt,2014,0
sdnt,2015,0
sdnt,2016,0
sdnt,2017,0
sdnt,2018,0
sdnt,2019,0
sent,1990,0
sent,1991,0
sent,1992,0
sent,1993,0
sent,1994,0
sent,1995,0
sent,1996,0
sent,1997,0
sent,1998,0
sent,1999,0
sent,2000,0
sent,2001,0
sent,2002,0
sent,2003,0
sent,2004,0
sent,2005,0
sent,2006,0
sent,2007,0
sent,2008,0
sent,2009,0
sent,2010,0
sent,2011,0
sent,2012,0
sent,2013,0
sent,2014,0
sent,2015,0
sent,2016,0
sent,2017,0
sent,2018,0
sent,2019,0
sgpt,1990,0
sgpt,1991,0
sgpt,1992,0
sgpt,1993,0
sgpt,1994,0
sgpt,1995,0
sgpt,1996,0
sgpt,1997,0
sgpt,1998,0
sgpt,1999,0
sgpt,2000,0
sgpt,2001,0
sgpt,2002,0
sgpt,2003,0
sgpt,2004,0
sgpt,2005,0
sgpt,2006,0
sgpt,2007,0
sgpt,2008,0
sgpt,2009,0
sgpt,2010,0
sgpt,2011,0
sgpt,2012,0
sgpt,2013,0
sgpt,2014,0
sgpt,2015,0
sgpt,2016,0
sgpt,2017,0
sgpt,2018,0
sgpt,2019,0
slbt,1999,1
slbt,2000,1
slbt,2001,1
slbt,2002,1
slbt,2003,1
slbt,2004,1
slbt,2005,1
slbt,2006,1
slbt,2007,1
slbt,2008,1
slbt,2009,1
slbt,2010,1
slbt,2011,1
slbt,2012,1
slbt,2013,1
slbt,2014,1
slbt,2015,1
slbt,2016,1
slbt,2017,1
slbt,2018,1
slbt,2019,1
slet,1990,0
slet,1991,0
slet,1992,0
slet,1993,0
slet,1994,0
slet,1995,0
slet,1996,0
slet,1997,0
slet,1998,0
slet,1999,0
slet,2000,0
slet,2001,0
slet,2002,0
slet,2003,0
slet,2004,0
slet,2005,0
slet,2006,0
slet,2007,0
slet,2008,0
slet,2009,0
slet,2010,0
slet,2011,0
slet,2012,0
slet,2013,0
slet,2014,0
slet,2015,0
slet,2016,0
slet,2017,0
slet,2018,0
slet,2019,0
slvt,1990,0
slvt,1991,0
slvt,1992,0
slvt,1993,0
slvt,1994,0
slvt,1995,0
slvt,1996,0
slvt,1997,0
slvt,1998,0
slvt,1999,0
slvt,2000,0
slvt,2001,0
slvt,2002,0
slvt,2003,0
slvt,2004,0
slvt,2005,0
slvt,2006,0
slvt,2007,0
slvt,2008,0
slvt,2009,0
slvt,2010,0
slvt,2011,0
slvt,2012,0
slvt,2013,0
slvt,2014,0
slvt,2015,0
slvt,2016,0
slvt,2017,0
slvt,2018,0
slvt,2019,0
somt,2006,1
somt,2007,1
somt,2008,1
somt,2009,1
somt,2010,0
somt,2011,0
somt,2012,0
somt,2013,0
somt,2014,0
somt,2015,0
somt,2016,0
somt,2017,0
somt,2018,0
somt,2019,0
srbt,1990,0
srbt,1991,0
srbt,1992,0
srbt,1993,0
srbt,1994,0
srbt,1995,0
srbt,1996,0
srbt,1997,0
srbt,1998,0
srbt,1999,0
srbt,2000,0
srbt,2001,0
srbt,2002,0
srbt,2003,0
srbt,2004,0
srbt,2005,0
srbt,2006,0
srbt,2007,0
srbt,2008,0
srbt,2009,0
srbt,2010,0
srbt,2011,0
srbt,2012,0
srbt,2013,0
srbt,2014,0
srbt,2015,0
srbt,2016,0
srbt,2017,0
srbt,2018,0
srbt,2019,0
ssdt,2010,0
ssdt,2011,0
ssdt,2012,0
ssdt,2013,0
ssdt,2014,0
ssdt,2015,0
ssdt,2016,0
ssdt,2017,0
ssdt,2018,0
ssdt,2019,0
stpt,1990,0
stpt,1991,0
stpt,1992,0
stpt,1993,0
stpt,1994,0
stpt,1995,0
stpt,1996,0
stpt,1997,0
stpt,1998,0
stpt,1999,0
stpt,2000,0
stpt,2001,0
stpt,2002,0
stpt,2003,0
stpt,2004,0
stpt,2005,0
stpt,2006,0
stpt,2007,0
stpt,2008,0
stpt,2009,0
stpt,2010,0
stpt,2011,0
stpt,2012,0
stpt,2013,0
stpt,2014,0
stpt,2015,0
stpt,2016,0
stpt,2017,0
stpt,2018,0
stpt,2019,0
surt,2004,1
surt,2005,0
surt,2006,0
surt,2007,0
surt,2008,0
surt,2009,0
surt,2010,0
surt,2011,0
surt,2012,0
surt,2013,0
surt,2014,0
surt,2015,0
surt,2016,0
surt,2017,0
surt,2018,0
surt,2019,0
svkt,1990,0
svkt,1991,0
svkt,1992,0
svkt,1993,0
svkt,1994,0
svkt,1995,0
svkt,1996,0
svkt,1997,0
svkt,1998,0
svkt,1999,0
svkt,2000,0
svkt,2001,0
svkt,2002,0
svkt,2003,0
svkt,2004,0
svkt,2005,0
svkt,2006,0
svkt,2007,0
svkt,2008,0
svkt,2009,0
svkt,2010,0
svkt,2011,0
svkt,2012,0
svkt,2013,0
svkt,2014,0
svkt,2015,0
svkt,2016,0
svkt,2017,0
svkt,2018,0
svkt,2019,0
svnt,1990,0
svnt,1991,0
svnt,1992,0
svnt,1993,0
svnt,1994,0
svnt,1995,0
svnt,1996,0
svnt,1997,0
svnt,1998,0
svnt,1999,0
svnt,2000,0
svnt,2001,0
svnt,2002,0
svnt,2003,0
svnt,2004,0
svnt,2005,0
svnt,2006,0
svnt,2007,0
svnt,2008,0
svnt,2009,0
svnt,2010,0
svnt,2011,0
svnt,2012,0
svnt,2013,0
svnt,2014,0
svnt,2015,0
svnt,2016,0
svnt,2017,0
svnt,2018,0
svnt,2019,0
swet,1990,0
swet,1991,0
swet,1992,0
swet,1993,0
swet,1994,0
swet,1995,0
swet,1996,0
swet,1997,0
swet,1998,0
swet,1999,0
swet,2000,0
swet,2001,0
swet,2002,0
swet,2003,0
swet,2004,0
swet,2005,0
swet,2006,0
swet,2007,0
swet,2008,0
swet,2009,0
swet,2010,0
swet,2011,0
swet,2012,0
swet,2013,0
swet,2014,0
swet,2015,0
swet,2016,0
swet,2017,0
swet,2018,0
swet,2019,0
swzt,1990,0
swzt,1991,0
swzt,1992,0
swzt,1993,0
swzt,1994,0
swzt,1995,0
swzt,1996,0
swzt,1997,0
swzt,1998,0
swzt,1999,0
swzt,2000,0
swzt,2001,0
swzt,2002,0
swzt,2003,0
swzt,2004,0
swzt,2005,0
swzt,2006,0
swzt,2007,0
swzt,2008,0
swzt,2009,0
swzt,2010,0
swzt,2011,0
swzt,2012,0
swzt,2013,0
swzt,2014,0
swzt,2015,0
swzt,2016,0
swzt,2017,0
swzt,2018,0
swzt,2019,0
syrt,1990,1
syrt,1991,1
syrt,1992,1
syrt,1993,1
syrt,1994,1
syrt,1995,1
syrt,1996,1
syrt,1997,1
syrt,1998,1
syrt,1999,1
syrt,2000,0
syrt,2001,0
syrt,2002,0
syrt,2003,0
syrt,2004,0
syrt,2005,0
syrt,2006,0
syrt,2007,0
syrt,2008,0
syrt,2009,0
syrt,2010,0
syrt,2011,0
tcdt,2000,1
tcdt,2001,1
tcdt,2002,1
tcdt,2003,1
tcdt,2004,1
tcdt,2005,0
tcdt,2006,0
tcdt,2007,0
tcdt,2008,0
tcdt,2009,0
tcdt,2010,0
tcdt,2011,0
tcdt,2012,0
tcdt,2013,0
tcdt,2014,0
tcdt,2015,0
tcdt,2016,0
tcdt,2017,0
tcdt,2018,0
tcdt,2019,0
tgot,1990,0
tgot,1991,0
tgot,1992,0
tgot,1993,0
tgot,1994,0
tgot,1995,0
tgot,1996,0
tgot,1997,0
tgot,1998,0
tgot,1999,0
tgot,2000,0
tgot,2001,0
tgot,2002,0
tgot,2003,0
tgot,2004,0
tgot,2005,0
tgot,2006,0
tgot,2007,0
tgot,2008,0
tgot,2009,0
tgot,2010,0
tgot,2011,0
tgot,2012,0
tgot,2013,0
tgot,2014,0
tgot,2015,0
tgot,2016,0
tgot,2017,0
tgot,2018,0
tgot,2019,0
that,1990,0
that,1991,0
that,1992,0
that,1993,0
that,1994,0
that,1995,0
that,1996,0
that,1997,0
that,1998,0
that,1999,0
that,2000,0
that,2001,0
that,2002,0
that,2003,0
that,2004,0
that,2005,0
that,2006,0
that,2007,0
that,2008,0
that,2009,0
that,2010,0
that,2011,0
that,2012,0
that,2013,0
that,2014,0
that,2015,0
that,2016,0
that,2017,0
that,2018,0
that,2019,0
tjkt,1990,0
tjkt,1991,0
tjkt,1992,0
tjkt,1993,0
tjkt,1994,0
tjkt,1995,0
tjkt,1996,0
tjkt,1997,0
tjkt,1998,0
tjkt,1999,0
tjkt,2000,0
tjkt,2001,0
tjkt,2002,0
tjkt,2003,0
tjkt,2004,0
tjkt,2005,0
tjkt,2006,0
tjkt,2007,0
tjkt,2008,0
tjkt,2009,0
tjkt,2010,0
tjkt,2011,0
tjkt,2012,0
tjkt,2013,0
tjkt,2014,0
tjkt,2015,0
tjkt,2016,0
tjkt,2017,0
tjkt,2018,0
tjkt,2019,0
tkmt,2010,1
tkmt,2011,1
tkmt,2012,1
tkmt,2013,1
tkmt,2014,1
tkmt,2015,1
tkmt,2016,1
tkmt,2017,1
tkmt,2018,1
tkmt,2019,1
tlst,2002,1
tlst,2003,1
tlst,2004,1
tlst,2005,0
tlst,2006,0
tlst,2007,0
tlst,2008,0
tlst,2009,0
tlst,2010,0
tlst,2011,0
tlst,2012,0
tlst,2013,0
tlst,2014,0
tlst,2015,0
tlst,2016,0
tlst,2017,0
tlst,2018,0
tlst,2019,0
tont,1991,0
tont,1992,0
tont,1993,0
tont,1994,0
tont,1995,0
tont,1996,0
tont,1997,0
tont,1998,0
tont,1999,0
tont,2000,0
tont,2001,0
tont,2002,0
tont,2003,0
tont,2004,0
tont,2005,0
tont,2006,0
tont,2007,0
tont,2008,0
tont,2009,0
tont,2010,0
tont,2011,0
tont,2012,0
tont,2013,0
tont,2014,0
tont,2015,0
tont,2016,0
tont,2017,0
tont,2018,0
tont,2019,0
ttot,1990,0
ttot,1991,0
ttot,1992,0
ttot,1993,0
ttot,1994,0
ttot,1995,0
ttot,1996,0
ttot,1997,0
ttot,1998,0
ttot,1999,0
ttot,2000,0
ttot,2001,0
ttot,2002,0
ttot,2003,0
ttot,2004,0
ttot,2005,0
ttot,2006,0
ttot,2007,0
ttot,2008,0
ttot,2009,0
ttot,2010,0
ttot,2011,0
ttot,2012,0
ttot,2013,0
ttot,2014,0
ttot,2015,0
ttot,2016,0
ttot,2017,0
ttot,2018,0
ttot,2019,0
tunt,1990,0
tunt,1991,0
tunt,1992,0
tunt,1993,0
tunt,1994,0
tunt,1995,0
tunt,1996,0
tunt,1997,0
tunt,1998,0
tunt,1999,0
tunt,2000,0
tunt,2001,0
tunt,2002,0
tunt,2003,0
tunt,2004,0
tunt,2005,0
tunt,2006,0
tunt,2007,0
tunt,2008,0
tunt,2009,0
tunt,2010,0
tunt,2011,0
tunt,2012,0
tunt,2013,0
tunt,2014,0
tunt,2015,0
tunt,2016,0
tunt,2017,0
tunt,2018,0
tunt,2019,0
turt,1990,0
turt,1991,0
turt,1992,0
turt,1993,0
turt,1994,0
turt,1995,0
turt,1996,0
turt,1997,0
turt,1998,0
turt,1999,0
turt,2000,0
turt,2001,0
turt,2002,0
turt,2003,0
turt,2004,0
turt,2005,0
turt,2006,0
turt,2007,0
turt,2008,0
turt,2009,0
turt,2010,0
turt,2011,0
turt,2012,0
turt,2013,0
turt,2014,0
turt,2015,0
turt,2016,0
turt,2017,0
turt,2018,0
turt,2019,0
tzat,1990,0
tzat,1991,0
tzat,1992,0
tzat,1993,0
tzat,1994,0
tzat,1995,0
tzat,1996,0
tzat,1997,0
tzat,1998,0
tzat,1999,0
tzat,2000,0
tzat,2001,0
tzat,2002,0
tzat,2003,0
tzat,2004,0
tzat,2005,0
tzat,2006,0
tzat,2007,0
tzat,2008,0
tzat,2009,0
tzat,2010,0
tzat,2011,0
tzat,2012,0
tzat,2013,0
tzat,2014,0
tzat,2015,0
tzat,2016,0
tzat,2017,0
tzat,2018,0
tzat,2019,0
ugat,1990,0
ugat,1991,0
ugat,1992,0
ugat,1993,0
ugat,1994,0
ugat,1995,0
ugat,1996,0
ugat,1997,0
ugat,1998,0
ugat,1999,0
ugat,2000,0
ugat,2001,0
ugat,2002,0
ugat,2003,0
ugat,2004,0
ugat,2005,0
ugat,2006,0
ugat,2007,0
ugat,2008,0
ugat,2009,0
ugat,2010,0
ugat,2011,0
ugat,2012,0
ugat,2013,0
ugat,2014,0
ugat,2015,0
ugat,2016,0
ugat,2017,0
ugat,2018,0
ugat,2019,0
ukrt,1990,0
ukrt,1991,0
ukrt,1992,0
ukrt,1993,0
ukrt,1994,0
ukrt,1995,0
ukrt,1996,0
ukrt,1997,0
ukrt,1998,0
ukrt,1999,0
ukrt,2000,0
ukrt,2001,0
ukrt,2002,0
ukrt,2003,0
ukrt,2004,0
ukrt,2005,0
ukrt,2006,0
ukrt,2007,0
ukrt,2008,0
ukrt,2009,0
ukrt,2010,0
ukrt,2011,0
ukrt,2012,0
ukrt,2013,0
ukrt,2014,0
ukrt,2015,0
ukrt,2016,0
ukrt,2017,0
ukrt,2018,0
ukrt,2019,0
uryt,1990,0
uryt,1991,0
uryt,1992,0
uryt,1993,0
uryt,1994,0
uryt,1995,0
uryt,1996,0
uryt,1997,0
uryt,1998,0
uryt,1999,0
uryt,2000,0
uryt,2001,0
uryt,2002,0
uryt,2003,0
uryt,2004,0
uryt,2005,0
uryt,2006,0
uryt,2007,0
uryt,2008,0
uryt,2009,0
uryt,2010,0
uryt,2011,0
uryt,2012,0
uryt,2013,0
uryt,2014,0
uryt,2015,0
uryt,2016,0
uryt,2017,0
uryt,2018,0
uryt,2019,0
usat,1990,0
usat,1991,0
usat,1992,0
usat,1993,0
usat,1994,0
usat,1995,0
usat,1996,0
usat,1997,0
usat,1998,0
usat,1999,0
usat,2000,0
usat,2001,0
usat,2002,0
usat,2003,0
usat,2004,0
usat,2005,0
usat,2006,0
usat,2007,0
usat,2008,0
usat,2009,0
usat,2010,0
usat,2011,0
usat,2012,0
usat,2013,0
usat,2014,0
usat,2015,0
usat,2016,0
usat,2017,0
usat,2018,0
usat,2019,0
uzbt,2000,0
uzbt,2001,0
uzbt,2002,0
uzbt,2003,0
uzbt,2004,0
uzbt,2005,0
uzbt,2006,0
uzbt,2007,0
uzbt,2008,0
uzbt,2009,0
uzbt,2010,0
uzbt,2011,0
uzbt,2012,0
uzbt,2013,0
uzbt,2014,0
uzbt,2015,0
uzbt,2016,0
uzbt,2017,0
uzbt,2018,0
uzbt,2019,0
vctt,2000,1
vctt,2001,1
vctt,2002,1
vctt,2003,1
vctt,2004,1
vctt,2005,1
vctt,2006,1
vctt,2007,1
vctt,2008,1
vctt,2009,1
vctt,2010,1
vctt,2011,1
vctt,2012,1
vctt,2013,1
vctt,2014,1
vctt,2015,1
vctt,2016,1
vctt,2017,1
vctt,2018,1
vctt,2019,1
vent,1990,0
vent,1991,0
vent,1992,0
vent,1993,0
vent,1994,0
vent,1995,0
vent,1996,0
vent,1997,0
vent,1998,0
vent,1999,0
vent,2000,0
vent,2001,0
vent,2002,0
vent,2003,0
vent,2004,0
vent,2005,0
vent,2006,0
vent,2007,0
vent,2008,0
vent,2009,0
vent,2010,0
vent,2011,0
vent,2012,0
vent,2013,0
vent,2014,0
vent,2015,0
vent,2016,0
vent,2017,0
vent,2018,0
vent,2019,0
vnmt,1990,0
vnmt,1991,0
vnmt,1992,0
vnmt,1993,0
vnmt,1994,0
vnmt,1995,0
vnmt,1996,0
vnmt,1997,0
vnmt,1998,0
vnmt,1999,0
vnmt,2000,0
vnmt,2001,0
vnmt,2002,0
vnmt,2003,0
vnmt,2004,0
vnmt,2005,0
vnmt,2006,0
vnmt,2007,0
vnmt,2008,0
vnmt,2009,0
vnmt,2010,0
vnmt,2011,0
vnmt,2012,0
vnmt,2013,0
vnmt,2014,0
vnmt,2015,0
vnmt,2016,0
vnmt,2017,0
vnmt,2018,0
vnmt,2019,0
vutt,2005,1
vutt,2006,1
vutt,2007,1
vutt,2008,1
vutt,2009,1
vutt,2010,1
vutt,2011,1
vutt,2012,1
vutt,2013,1
vutt,2014,1
vutt,2015,1
vutt,2016,1
vutt,2017,1
vutt,2018,1
vutt,2019,1
wsmt,1990,1
wsmt,1991,1
wsmt,1992,1
wsmt,1993,1
wsmt,1994,1
wsmt,1995,1
wsmt,1996,1
wsmt,1997,1
wsmt,1998,1
wsmt,1999,1
wsmt,2000,1
wsmt,2001,1
wsmt,2002,1
wsmt,2003,1
wsmt,2004,1
wsmt,2005,1
wsmt,2006,1
wsmt,2007,1
wsmt,2008,1
wsmt,2009,1
wsmt,2010,1
wsmt,2011,1
wsmt,2012,1
wsmt,2013,1
wsmt,2014,1
wsmt,2015,1
wsmt,2016,1
wsmt,2017,1
wsmt,2018,1
wsmt,2019,1
yemt,1990,0
yemt,1991,0
yemt,1992,0
yemt,1993,0
yemt,1994,0
yemt,1995,0
yemt,1996,0
yemt,1997,0
yemt,1998,0
yemt,1999,0
yemt,2000,0
yemt,2001,0
yemt,2002,0
yemt,2003,0
yemt,2004,0
yemt,2005,0
yemt,2006,0
yemt,2007,0
yemt,2008,0
yemt,2009,0
yemt,2010,0
yemt,2011,0
yemt,2012,0
yemt,2013,0
yemt,2014,0
yemt,2015,0
yemt,2016,0
yemt,2017,0
yemt,2018,0
yemt,2019,0
zaft,1990,0
zaft,1991,0
zaft,1992,0
zaft,1993,0
zaft,1994,0
zaft,1995,0
zaft,1996,0
zaft,1997,0
zaft,1998,0
zaft,1999,0
zaft,2000,0
zaft,2001,0
zaft,2002,0
zaft,2003,0
zaft,2004,0
zaft,2005,0
zaft,2006,0
zaft,2007,0
zaft,2008,0
zaft,2009,0
zaft,2010,0
zaft,2011,0
zaft,2012,0
zaft,2013,0
zaft,2014,0
zaft,2015,0
zaft,2016,0
zaft,2017,0
zaft,2018,0
zaft,2019,0
zmbt,1990,1
zmbt,1991,1
zmbt,1992,1
zmbt,1993,1
zmbt,1994,1
zmbt,1995,1
zmbt,1996,1
zmbt,1997,1
zmbt,1998,1
zmbt,1999,1
zmbt,2000,1
zmbt,2001,1
zmbt,2002,1
zmbt,2003,1
zmbt,2004,1
zmbt,2005,1
zmbt,2006,1
zmbt,2007,1
zmbt,2008,1
zmbt,2009,1
zmbt,2010,0
zmbt,2011,0
zmbt,2012,0
zmbt,2013,0
zmbt,2014,0
zmbt,2015,0
zmbt,2016,0
zmbt,2017,0
zmbt,2018,0
zmbt,2019,0
zwet,1990,0
zwet,1991,0
zwet,1992,0
zwet,1993,0
zwet,1994,0
zwet,1995,0
zwet,1996,0
zwet,1997,0
zwet,1998,0
zwet,1999,0
zwet,2000,0
zwet,2001,0
zwet,2002,0
zwet,2003,0
zwet,2004,0
zwet,2005,0
zwet,2006,0
zwet,2007,0
zwet,2008,0
zwet,2009,0
zwet,2010,0
zwet,2011,0
zwet,2012,0
zwet,2013,0
zwet,2014,0
zwet,2015,0
zwet,2016,0
zwet,2017,0
zwet,2018,0
zwet,2019,0
