national,year,msch
afgt,1990,1.5
afgt,1991,1.6
afgt,1992,1.6
afgt,1993,1.7
afgt,1994,1.8
afgt,1995,1.9
afgt,1996,1.9
afgt,1997,2.0
afgt,1998,2.0
afgt,1999,2.1
afgt,2000,2.2
afgt,2001,2.2
afgt,2002,2.3
afgt,2003,2.4
afgt,2004,2.5
afgt,2005,2.6
afgt,2006,2.7
afgt,2007,2.9
afgt,2008,3.0
afgt,2009,3.1
afgt,2010,3.2
afgt,2011,3.3
afgt,2012,3.4
afgt,2013,3.5
afgt,2014,3.5
afgt,2015,3.6
afgt,2016,3.6
afgt,2017,3.8
afgt,2018,3.9
afgt,2019,3.9
agot,1999,4.4
agot,2000,4.4
agot,2001,4.4
agot,2002,4.4
agot,2003,4.4
agot,2004,4.4
agot,2005,4.4
agot,2006,4.5
agot,2007,4.5
agot,2008,4.6
agot,2009,4.7
agot,2010,4.7
agot,2011,4.7
agot,2012,4.8
agot,2013,4.9
agot,2014,4.9
agot,2015,5.0
agot,2016,5.1
agot,2017,5.1
agot,2018,5.2
agot,2019,5.2
albt,1990,7.8
albt,1991,7.8
albt,1992,7.8
albt,1993,7.8
albt,1994,7.8
albt,1995,8.0
albt,1996,8.2
albt,1997,8.3
albt,1998,8.5
albt,1999,8.6
albt,2000,8.8
albt,2001,8.7
albt,2002,9.0
albt,2003,9.0
albt,2004,9.1
albt,2005,9.1
albt,2006,9.2
albt,2007,9.2
albt,2008,9.2
albt,2009,9.3
albt,2010,9.3
albt,2011,10.0
albt,2012,10.0
albt,2013,10.0
albt,2014,10.0
albt,2015,10.0
albt,2016,10.0
albt,2017,10.1
albt,2018,10.1
albt,2019,10.1
andt,2000,9.9
andt,2001,9.9
andt,2002,9.9
andt,2003,10.1
andt,2004,10.5
andt,2005,9.9
andt,2006,10.2
andt,2007,10.3
andt,2008,10.3
andt,2009,10.3
andt,2010,10.4
andt,2011,10.4
andt,2012,10.4
andt,2013,10.5
andt,2014,10.5
andt,2015,10.6
andt,2016,10.6
andt,2017,10.5
andt,2018,10.5
andt,2019,10.5
aret,1990,5.6
aret,1991,5.9
aret,1992,6.2
aret,1993,6.5
aret,1994,6.8
aret,1995,7.1
aret,1996,7.3
aret,1997,7.6
aret,1998,7.8
aret,1999,8.0
aret,2000,8.3
aret,2001,8.4
aret,2002,8.6
aret,2003,8.7
aret,2004,8.9
aret,2005,9.1
aret,2006,9.3
aret,2007,9.4
aret,2008,9.6
aret,2009,9.7
aret,2010,9.9
aret,2011,10.0
aret,2012,10.2
aret,2013,10.3
aret,2014,10.5
aret,2015,10.6
aret,2016,10.9
aret,2017,12.1
aret,2018,12.1
aret,2019,12.1
argt,1990,7.9
argt,1991,8.0
argt,1992,8.0
argt,1993,8.1
argt,1994,8.2
argt,1995,8.3
argt,1996,8.5
argt,1997,8.6
argt,1998,8.8
argt,1999,8.9
argt,2000,9.1
argt,2001,9.1
argt,2002,9.2
argt,2003,9.3
argt,2004,9.2
argt,2005,9.1
argt,2006,10.3
argt,2007,10.3
argt,2008,10.3
argt,2009,10.3
argt,2010,10.3
argt,2011,10.3
argt,2012,10.4
argt,2013,10.4
argt,2014,10.4
argt,2015,10.4
argt,2016,10.5
argt,2017,10.6
argt,2018,10.6
argt,2019,10.9
armt,1990,10.1
armt,1991,10.2
armt,1992,10.2
armt,1993,10.3
armt,1994,10.4
armt,1995,10.4
armt,1996,10.5
armt,1997,10.6
armt,1998,10.7
armt,1999,10.7
armt,2000,10.8
armt,2001,10.7
armt,2002,10.8
armt,2003,10.8
armt,2004,10.8
armt,2005,10.9
armt,2006,10.9
armt,2007,11.0
armt,2008,11.0
armt,2009,11.1
armt,2010,11.1
armt,2011,11.2
armt,2012,11.3
armt,2013,11.4
armt,2014,11.5
armt,2015,11.7
armt,2016,11.5
armt,2017,11.3
armt,2018,11.3
armt,2019,11.3
atgt,2005,9.1
atgt,2006,9.2
atgt,2007,9.2
atgt,2008,9.3
atgt,2009,9.3
atgt,2010,9.2
atgt,2011,9.0
atgt,2012,9.0
atgt,2013,9.1
atgt,2014,9.1
atgt,2015,9.2
atgt,2016,9.2
atgt,2017,9.3
atgt,2018,9.3
atgt,2019,9.3
aust,1990,11.7
aust,1991,11.8
aust,1992,11.8
aust,1993,11.8
aust,1994,11.8
aust,1995,11.8
aust,1996,11.8
aust,1997,11.8
aust,1998,11.8
aust,1999,11.9
aust,2000,11.9
aust,2001,11.9
aust,2002,11.8
aust,2003,11.8
aust,2004,11.8
aust,2005,11.2
aust,2006,11.3
aust,2007,11.4
aust,2008,12.4
aust,2009,12.5
aust,2010,12.6
aust,2011,12.7
aust,2012,12.8
aust,2013,12.2
aust,2014,12.3
aust,2015,12.5
aust,2016,12.6
aust,2017,12.7
aust,2018,12.7
aust,2019,12.7
autt,1990,8.6
autt,1991,8.7
autt,1992,8.7
autt,1993,8.8
autt,1994,8.8
autt,1995,8.9
autt,1996,8.9
autt,1997,8.9
autt,1998,9.0
autt,1999,9.0
autt,2000,9.0
autt,2001,9.2
autt,2002,9.4
autt,2003,9.6
autt,2004,9.8
autt,2005,9.9
autt,2006,10.1
autt,2007,11.6
autt,2008,11.5
autt,2009,11.7
autt,2010,11.8
autt,2011,11.8
autt,2012,11.8
autt,2013,11.9
autt,2014,12.4
autt,2015,12.6
autt,2016,12.6
autt,2017,12.6
autt,2018,12.6
autt,2019,12.5
azet,1995,10.2
azet,1996,10.3
azet,1997,10.4
azet,1998,10.5
azet,1999,10.5
azet,2000,10.6
azet,2001,10.6
azet,2002,10.6
azet,2003,10.6
azet,2004,10.6
azet,2005,10.7
azet,2006,10.7
azet,2007,10.2
azet,2008,10.2
azet,2009,10.5
azet,2010,10.5
azet,2011,10.5
azet,2012,10.5
azet,2013,10.5
azet,2014,10.5
azet,2015,10.5
azet,2016,10.5
azet,2017,10.6
azet,2018,10.6
azet,2019,10.6
bdit,1990,1.4
bdit,1991,1.5
bdit,1992,1.5
bdit,1993,1.5
bdit,1994,1.6
bdit,1995,1.6
bdit,1996,1.6
bdit,1997,1.7
bdit,1998,1.7
bdit,1999,1.8
bdit,2000,1.8
bdit,2001,1.9
bdit,2002,2.0
bdit,2003,2.1
bdit,2004,2.2
bdit,2005,2.3
bdit,2006,2.4
bdit,2007,2.4
bdit,2008,2.5
bdit,2009,2.6
bdit,2010,2.6
bdit,2011,2.6
bdit,2012,2.7
bdit,2013,2.8
bdit,2014,2.8
bdit,2015,2.9
bdit,2016,3.0
bdit,2017,3.0
bdit,2018,3.1
bdit,2019,3.3
belt,1990,9.4
belt,1991,9.5
belt,1992,9.5
belt,1993,9.6
belt,1994,9.7
belt,1995,9.7
belt,1996,9.8
belt,1997,9.8
belt,1998,9.9
belt,1999,10.0
belt,2000,10.0
belt,2001,10.2
belt,2002,10.3
belt,2003,10.4
belt,2004,10.5
belt,2005,10.7
belt,2006,11.1
belt,2007,11.1
belt,2008,11.0
belt,2009,11.1
belt,2010,11.1
belt,2011,11.2
belt,2012,11.2
belt,2013,11.4
belt,2014,11.5
belt,2015,11.7
belt,2016,11.8
belt,2017,12.0
belt,2018,12.0
belt,2019,12.1
bent,1990,1.6
bent,1991,1.7
bent,1992,1.8
bent,1993,1.9
bent,1994,2.0
bent,1995,2.1
bent,1996,2.2
bent,1997,2.3
bent,1998,2.4
bent,1999,2.5
bent,2000,2.6
bent,2001,2.6
bent,2002,2.7
bent,2003,2.7
bent,2004,2.7
bent,2005,2.8
bent,2006,2.8
bent,2007,2.8
bent,2008,2.8
bent,2009,2.8
bent,2010,2.8
bent,2011,2.8
bent,2012,3.0
bent,2013,3.2
bent,2014,3.3
bent,2015,3.5
bent,2016,3.6
bent,2017,3.6
bent,2018,3.8
bent,2019,3.8
bfat,2000,1.2
bfat,2001,1.3
bfat,2002,1.3
bfat,2003,1.3
bfat,2004,1.3
bfat,2005,1.3
bfat,2006,1.3
bfat,2007,1.3
bfat,2008,1.3
bfat,2009,1.4
bfat,2010,1.4
bfat,2011,1.4
bfat,2012,1.4
bfat,2013,1.4
bfat,2014,1.4
bfat,2015,1.4
bfat,2016,1.5
bfat,2017,1.5
bfat,2018,1.6
bfat,2019,1.6
bgdt,1990,2.8
bgdt,1991,2.9
bgdt,1992,3.0
bgdt,1993,3.1
bgdt,1994,3.2
bgdt,1995,3.3
bgdt,1996,3.5
bgdt,1997,3.6
bgdt,1998,3.8
bgdt,1999,3.9
bgdt,2000,4.1
bgdt,2001,4.3
bgdt,2002,4.3
bgdt,2003,4.4
bgdt,2004,4.5
bgdt,2005,4.5
bgdt,2006,4.6
bgdt,2007,4.7
bgdt,2008,4.8
bgdt,2009,4.8
bgdt,2010,5.3
bgdt,2011,5.7
bgdt,2012,5.8
bgdt,2013,5.5
bgdt,2014,5.2
bgdt,2015,5.8
bgdt,2016,5.9
bgdt,2017,6.1
bgdt,2018,6.1
bgdt,2019,6.2
bgrt,1990,8.9
bgrt,1991,8.9
bgrt,1992,9.0
bgrt,1993,9.1
bgrt,1994,9.2
bgrt,1995,9.3
bgrt,1996,9.3
bgrt,1997,9.4
bgrt,1998,9.4
bgrt,1999,9.5
bgrt,2000,9.5
bgrt,2001,9.9
bgrt,2002,10.0
bgrt,2003,10.1
bgrt,2004,10.1
bgrt,2005,10.2
bgrt,2006,10.5
bgrt,2007,10.6
bgrt,2008,10.7
bgrt,2009,10.7
bgrt,2010,10.8
bgrt,2011,10.9
bgrt,2012,11.0
bgrt,2013,11.1
bgrt,2014,11.1
bgrt,2015,11.3
bgrt,2016,11.3
bgrt,2017,11.4
bgrt,2018,11.4
bgrt,2019,11.4
bhrt,1990,6.0
bhrt,1991,6.3
bhrt,1992,6.5
bhrt,1993,6.7
bhrt,1994,6.9
bhrt,1995,7.2
bhrt,1996,7.4
bhrt,1997,7.6
bhrt,1998,7.9
bhrt,1999,8.1
bhrt,2000,8.3
bhrt,2001,8.4
bhrt,2002,8.4
bhrt,2003,8.4
bhrt,2004,8.4
bhrt,2005,8.4
bhrt,2006,8.4
bhrt,2007,8.4
bhrt,2008,8.4
bhrt,2009,8.4
bhrt,2010,8.4
bhrt,2011,8.6
bhrt,2012,8.8
bhrt,2013,9.0
bhrt,2014,9.1
bhrt,2015,9.3
bhrt,2016,9.4
bhrt,2017,9.4
bhrt,2018,9.4
bhrt,2019,9.5
bhst,2000,10.9
bhst,2001,10.9
bhst,2002,10.9
bhst,2003,10.9
bhst,2004,10.9
bhst,2005,10.9
bhst,2006,11.1
bhst,2007,11.2
bhst,2008,11.3
bhst,2009,11.4
bhst,2010,11.5
bhst,2011,11.5
bhst,2012,11.4
bhst,2013,11.3
bhst,2014,11.2
bhst,2015,11.3
bhst,2016,11.4
bhst,2017,11.4
bhst,2018,11.4
bhst,2019,11.4
biht,2000,7.0
biht,2001,7.1
biht,2002,7.2
biht,2003,7.2
biht,2004,7.3
biht,2005,7.4
biht,2006,7.4
biht,2007,7.5
biht,2008,7.6
biht,2009,7.7
biht,2010,7.1
biht,2011,7.2
biht,2012,8.3
biht,2013,8.7
biht,2014,8.9
biht,2015,9.0
biht,2016,9.7
biht,2017,9.8
biht,2018,9.8
biht,2019,9.8
blrt,1995,8.5
blrt,1996,8.6
blrt,1997,8.7
blrt,1998,8.8
blrt,1999,8.8
blrt,2000,8.9
blrt,2001,9.0
blrt,2002,9.1
blrt,2003,9.1
blrt,2004,9.2
blrt,2005,9.3
blrt,2006,10.0
blrt,2007,10.6
blrt,2008,11.3
blrt,2009,11.9
blrt,2010,12.0
blrt,2011,12.0
blrt,2012,12.0
blrt,2013,12.0
blrt,2014,12.1
blrt,2015,12.2
blrt,2016,12.3
blrt,2017,12.3
blrt,2018,12.3
blrt,2019,12.3
blzt,1990,5.9
blzt,1991,5.9
blzt,1992,6.0
blzt,1993,6.1
blzt,1994,6.3
blzt,1995,6.4
blzt,1996,6.5
blzt,1997,6.7
blzt,1998,6.8
blzt,1999,6.9
blzt,2000,7.1
blzt,2001,7.2
blzt,2002,7.3
blzt,2003,7.4
blzt,2004,7.5
blzt,2005,7.6
blzt,2006,7.9
blzt,2007,8.1
blzt,2008,8.4
blzt,2009,8.7
blzt,2010,9.5
blzt,2011,9.1
blzt,2012,9.2
blzt,2013,9.3
blzt,2014,9.4
blzt,2015,9.5
blzt,2016,9.7
blzt,2017,9.8
blzt,2018,9.8
blzt,2019,9.9
bolt,1990,6.4
bolt,1991,6.5
bolt,1992,6.7
bolt,1993,6.8
bolt,1994,7.0
bolt,1995,7.1
bolt,1996,7.2
bolt,1997,7.2
bolt,1998,7.3
bolt,1999,7.4
bolt,2000,7.4
bolt,2001,7.3
bolt,2002,7.2
bolt,2003,7.1
bolt,2004,7.1
bolt,2005,7.0
bolt,2006,7.3
bolt,2007,7.1
bolt,2008,7.6
bolt,2009,7.7
bolt,2010,7.8
bolt,2011,8.0
bolt,2012,8.0
bolt,2013,8.4
bolt,2014,8.5
bolt,2015,8.7
bolt,2016,8.8
bolt,2017,8.9
bolt,2018,9.0
bolt,2019,9.0
brat,1990,3.8
brat,1991,3.9
brat,1992,4.1
brat,1993,4.3
brat,1994,4.5
brat,1995,4.6
brat,1996,4.8
brat,1997,5.0
brat,1998,5.2
brat,1999,5.4
brat,2000,5.6
brat,2001,5.8
brat,2002,6.0
brat,2003,6.2
brat,2004,6.2
brat,2005,6.3
brat,2006,6.4
brat,2007,6.5
brat,2008,6.7
brat,2009,6.8
brat,2010,6.9
brat,2011,7.1
brat,2012,7.3
brat,2013,7.4
brat,2014,7.4
brat,2015,7.6
brat,2016,7.7
brat,2017,7.8
brat,2018,7.8
brat,2019,8.0
brbt,1990,8.1
brbt,1991,8.2
brbt,1992,8.3
brbt,1993,8.4
brbt,1994,8.5
brbt,1995,8.6
brbt,1996,8.6
brbt,1997,8.6
brbt,1998,8.6
brbt,1999,8.7
brbt,2000,9.0
brbt,2001,9.0
brbt,2002,9.1
brbt,2003,9.1
brbt,2004,9.2
brbt,2005,9.2
brbt,2006,9.2
brbt,2007,9.3
brbt,2008,9.3
brbt,2009,9.3
brbt,2010,9.4
brbt,2011,9.9
brbt,2012,10.5
brbt,2013,10.5
brbt,2014,10.5
brbt,2015,10.5
brbt,2016,10.6
brbt,2017,10.6
brbt,2018,10.6
brbt,2019,10.6
brnt,1990,7.5
brnt,1991,7.6
brnt,1992,7.7
brnt,1993,7.8
brnt,1994,8.0
brnt,1995,8.1
brnt,1996,8.1
brnt,1997,8.2
brnt,1998,8.2
brnt,1999,8.2
brnt,2000,8.3
brnt,2001,8.3
brnt,2002,8.4
brnt,2003,8.4
brnt,2004,8.4
brnt,2005,8.5
brnt,2006,8.5
brnt,2007,8.6
brnt,2008,8.7
brnt,2009,8.7
brnt,2010,8.8
brnt,2011,8.8
brnt,2012,8.9
brnt,2013,8.9
brnt,2014,9.0
brnt,2015,9.0
brnt,2016,9.1
brnt,2017,9.1
brnt,2018,9.1
brnt,2019,9.1
btnt,2005,2.3
btnt,2006,2.3
btnt,2007,2.3
btnt,2008,2.3
btnt,2009,2.3
btnt,2010,2.3
btnt,2011,2.3
btnt,2012,2.5
btnt,2013,2.8
btnt,2014,3.1
btnt,2015,3.4
btnt,2016,3.8
btnt,2017,4.1
btnt,2018,4.1
btnt,2019,4.1
bwat,1990,5.5
bwat,1991,5.8
bwat,1992,6.0
bwat,1993,6.2
bwat,1994,6.5
bwat,1995,6.7
bwat,1996,6.9
bwat,1997,7.1
bwat,1998,7.3
bwat,1999,7.4
bwat,2000,7.6
bwat,2001,7.7
bwat,2002,7.9
bwat,2003,8.0
bwat,2004,8.1
bwat,2005,8.3
bwat,2006,8.4
bwat,2007,8.5
bwat,2008,8.6
bwat,2009,8.8
bwat,2010,8.9
bwat,2011,8.9
bwat,2012,9.0
bwat,2013,9.1
bwat,2014,9.2
bwat,2015,9.2
bwat,2016,9.3
bwat,2017,9.3
bwat,2018,9.4
bwat,2019,9.6
caft,1990,2.1
caft,1991,2.1
caft,1992,2.2
caft,1993,2.3
caft,1994,2.4
caft,1995,2.4
caft,1996,2.5
caft,1997,2.6
caft,1998,2.7
caft,1999,2.8
caft,2000,2.9
caft,2001,2.9
caft,2002,3.0
caft,2003,3.1
caft,2004,3.2
caft,2005,3.3
caft,2006,3.3
caft,2007,3.4
caft,2008,3.4
caft,2009,3.5
caft,2010,3.6
caft,2011,3.7
caft,2012,3.8
caft,2013,4.0
caft,2014,4.1
caft,2015,4.2
caft,2016,4.3
caft,2017,4.3
caft,2018,4.3
caft,2019,4.3
cant,1990,10.3
cant,1991,10.3
cant,1992,10.4
cant,1993,10.5
cant,1994,10.6
cant,1995,10.6
cant,1996,10.7
cant,1997,10.8
cant,1998,10.8
cant,1999,10.9
cant,2000,11.0
cant,2001,11.2
cant,2002,11.5
cant,2003,11.7
cant,2004,12.0
cant,2005,12.2
cant,2006,12.3
cant,2007,12.4
cant,2008,12.4
cant,2009,12.5
cant,2010,12.6
cant,2011,12.7
cant,2012,12.8
cant,2013,12.9
cant,2014,13.1
cant,2015,13.2
cant,2016,13.3
cant,2017,13.3
cant,2018,13.3
cant,2019,13.4
chet,1990,9.7
chet,1991,9.7
chet,1992,9.7
chet,1993,9.7
chet,1994,9.8
chet,1995,9.8
chet,1996,10.1
chet,1997,10.4
chet,1998,10.8
chet,1999,11.1
chet,2000,11.4
chet,2001,11.6
chet,2002,11.7
chet,2003,11.8
chet,2004,11.9
chet,2005,12.0
chet,2006,12.3
chet,2007,12.6
chet,2008,12.9
chet,2009,13.3
chet,2010,13.3
chet,2011,13.3
chet,2012,13.4
chet,2013,13.4
chet,2014,12.9
chet,2015,13.1
chet,2016,13.0
chet,2017,13.1
chet,2018,13.4
chet,2019,13.4
chlt,1990,8.1
chlt,1991,8.1
chlt,1992,8.2
chlt,1993,8.3
chlt,1994,8.3
chlt,1995,8.4
chlt,1996,8.5
chlt,1997,8.6
chlt,1998,8.6
chlt,1999,8.7
chlt,2000,8.8
chlt,2001,9.0
chlt,2002,9.2
chlt,2003,9.4
chlt,2004,9.6
chlt,2005,9.5
chlt,2006,9.5
chlt,2007,9.9
chlt,2008,10.3
chlt,2009,11.1
chlt,2010,9.0
chlt,2011,9.5
chlt,2012,9.7
chlt,2013,9.9
chlt,2014,10.1
chlt,2015,10.2
chlt,2016,10.3
chlt,2017,10.4
chlt,2018,10.4
chlt,2019,10.6
chnt,1990,4.8
chnt,1991,5.0
chnt,1992,5.2
chnt,1993,5.3
chnt,1994,5.5
chnt,1995,5.7
chnt,1996,5.8
chnt,1997,6.0
chnt,1998,6.2
chnt,1999,6.3
chnt,2000,6.5
chnt,2001,6.5
chnt,2002,6.6
chnt,2003,6.7
chnt,2004,6.8
chnt,2005,6.9
chnt,2006,6.9
chnt,2007,7.0
chnt,2008,7.0
chnt,2009,7.1
chnt,2010,7.3
chnt,2011,7.4
chnt,2012,7.5
chnt,2013,7.5
chnt,2014,7.6
chnt,2015,7.7
chnt,2016,7.8
chnt,2017,7.8
chnt,2018,7.9
chnt,2019,8.1
civt,1990,2.0
civt,1991,2.1
civt,1992,2.2
civt,1993,2.3
civt,1994,2.4
civt,1995,2.5
civt,1996,2.6
civt,1997,2.8
civt,1998,3.0
civt,1999,3.1
civt,2000,3.3
civt,2001,3.3
civt,2002,3.4
civt,2003,3.5
civt,2004,3.6
civt,2005,3.7
civt,2006,3.8
civt,2007,3.9
civt,2008,4.0
civt,2009,4.1
civt,2010,4.2
civt,2011,4.4
civt,2012,4.5
civt,2013,4.7
civt,2014,4.4
civt,2015,5.0
civt,2016,5.1
civt,2017,5.2
civt,2018,5.2
civt,2019,5.3
cmrt,1990,3.5
cmrt,1991,3.6
cmrt,1992,3.7
cmrt,1993,3.9
cmrt,1994,4.0
cmrt,1995,4.2
cmrt,1996,4.3
cmrt,1997,4.4
cmrt,1998,4.6
cmrt,1999,4.7
cmrt,2000,4.8
cmrt,2001,4.9
cmrt,2002,5.1
cmrt,2003,5.1
cmrt,2004,5.1
cmrt,2005,5.1
cmrt,2006,5.2
cmrt,2007,5.2
cmrt,2008,5.2
cmrt,2009,5.2
cmrt,2010,5.3
cmrt,2011,5.5
cmrt,2012,5.7
cmrt,2013,5.9
cmrt,2014,5.8
cmrt,2015,6.0
cmrt,2016,6.1
cmrt,2017,6.2
cmrt,2018,6.3
cmrt,2019,6.3
codt,1990,2.3
codt,1991,2.4
codt,1992,2.5
codt,1993,2.7
codt,1994,2.8
codt,1995,2.9
codt,1996,3.0
codt,1997,3.1
codt,1998,3.1
codt,1999,3.2
codt,2000,3.3
codt,2001,3.5
codt,2002,3.7
codt,2003,3.9
codt,2004,4.1
codt,2005,4.3
codt,2006,4.5
codt,2007,4.8
codt,2008,5.0
codt,2009,5.2
codt,2010,5.9
codt,2011,5.6
codt,2012,5.8
codt,2013,6.0
codt,2014,6.5
codt,2015,6.4
codt,2016,6.6
codt,2017,6.8
codt,2018,6.8
codt,2019,6.8
cogt,1990,4.4
cogt,1991,4.5
cogt,1992,4.7
cogt,1993,4.8
cogt,1994,5.0
cogt,1995,5.1
cogt,1996,5.2
cogt,1997,5.3
cogt,1998,5.4
cogt,1999,5.5
cogt,2000,5.5
cogt,2001,5.6
cogt,2002,5.7
cogt,2003,5.7
cogt,2004,5.8
cogt,2005,5.8
cogt,2006,5.9
cogt,2007,5.9
cogt,2008,6.0
cogt,2009,6.0
cogt,2010,6.1
cogt,2011,6.2
cogt,2012,6.2
cogt,2013,6.3
cogt,2014,6.4
cogt,2015,6.5
cogt,2016,6.5
cogt,2017,6.5
cogt,2018,6.5
cogt,2019,6.5
colt,1990,5.5
colt,1991,5.6
colt,1992,5.7
colt,1993,5.8
colt,1994,6.0
colt,1995,6.1
colt,1996,6.2
colt,1997,6.3
colt,1998,6.3
colt,1999,6.4
colt,2000,6.5
colt,2001,6.5
colt,2002,6.5
colt,2003,6.5
colt,2004,6.6
colt,2005,6.8
colt,2006,6.7
colt,2007,7.2
colt,2008,7.3
colt,2009,7.3
colt,2010,7.4
colt,2011,7.5
colt,2012,7.6
colt,2013,7.8
colt,2014,8.0
colt,2015,8.1
colt,2016,8.3
colt,2017,8.3
colt,2018,8.3
colt,2019,8.5
comt,2000,2.8
comt,2001,2.8
comt,2002,2.8
comt,2003,2.8
comt,2004,2.8
comt,2005,3.1
comt,2006,3.3
comt,2007,3.5
comt,2008,3.7
comt,2009,3.9
comt,2010,4.2
comt,2011,4.4
comt,2012,4.6
comt,2013,4.7
comt,2014,4.7
comt,2015,4.8
comt,2016,4.8
comt,2017,4.9
comt,2018,5.0
comt,2019,5.1
cpvt,2000,3.5
cpvt,2001,3.7
cpvt,2002,3.8
cpvt,2003,4.0
cpvt,2004,4.2
cpvt,2005,4.3
cpvt,2006,4.5
cpvt,2007,4.6
cpvt,2008,4.8
cpvt,2009,5.0
cpvt,2010,5.1
cpvt,2011,5.3
cpvt,2012,5.4
cpvt,2013,5.6
cpvt,2014,5.8
cpvt,2015,5.9
cpvt,2016,6.0
cpvt,2017,6.1
cpvt,2018,6.2
cpvt,2019,6.3
crit,1990,6.9
crit,1991,7.0
crit,1992,7.1
crit,1993,7.2
crit,1994,7.3
crit,1995,7.4
crit,1996,7.5
crit,1997,7.7
crit,1998,7.8
crit,1999,7.9
crit,2000,8.0
crit,2001,8.0
crit,2002,8.0
crit,2003,7.9
crit,2004,7.9
crit,2005,7.9
crit,2006,7.9
crit,2007,8.1
crit,2008,8.4
crit,2009,8.4
crit,2010,8.3
crit,2011,8.4
crit,2012,8.5
crit,2013,8.5
crit,2014,8.8
crit,2015,8.6
crit,2016,8.6
crit,2017,8.7
crit,2018,8.7
crit,2019,8.7
cubt,1990,8.5
cubt,1991,8.6
cubt,1992,8.8
cubt,1993,8.9
cubt,1994,9.1
cubt,1995,9.2
cubt,1996,9.3
cubt,1997,9.4
cubt,1998,9.5
cubt,1999,9.6
cubt,2000,9.6
cubt,2001,9.7
cubt,2002,9.5
cubt,2003,9.8
cubt,2004,9.8
cubt,2005,9.9
cubt,2006,10.1
cubt,2007,10.4
cubt,2008,10.6
cubt,2009,10.8
cubt,2010,11.0
cubt,2011,11.3
cubt,2012,10.8
cubt,2013,11.0
cubt,2014,11.1
cubt,2015,11.4
cubt,2016,11.6
cubt,2017,11.8
cubt,2018,11.8
cubt,2019,11.8
cypt,1990,8.7
cypt,1991,8.8
cypt,1992,8.9
cypt,1993,9.0
cypt,1994,9.1
cypt,1995,9.2
cypt,1996,9.4
cypt,1997,9.5
cypt,1998,9.7
cypt,1999,9.8
cypt,2000,10.0
cypt,2001,10.1
cypt,2002,10.2
cypt,2003,10.4
cypt,2004,10.5
cypt,2005,10.7
cypt,2006,10.9
cypt,2007,11.2
cypt,2008,11.3
cypt,2009,11.3
cypt,2010,11.5
cypt,2011,11.6
cypt,2012,11.8
cypt,2013,12.0
cypt,2014,11.9
cypt,2015,11.9
cypt,2016,12.1
cypt,2017,12.1
cypt,2018,12.2
cypt,2019,12.2
czet,1990,8.4
czet,1991,8.4
czet,1992,8.6
czet,1993,8.9
czet,1994,9.1
czet,1995,9.4
czet,1996,9.6
czet,1997,9.9
czet,1998,10.1
czet,1999,10.4
czet,2000,10.6
czet,2001,10.9
czet,2002,11.1
czet,2003,11.4
czet,2004,11.6
czet,2005,11.9
czet,2006,12.1
czet,2007,12.2
czet,2008,12.2
czet,2009,12.3
czet,2010,12.4
czet,2011,12.5
czet,2012,12.4
czet,2013,12.6
czet,2014,12.8
czet,2015,12.7
czet,2016,12.6
czet,2017,12.7
czet,2018,12.7
czet,2019,12.7
deut,1990,8.8
deut,1991,8.9
deut,1992,9.1
deut,1993,9.3
deut,1994,9.5
deut,1995,9.7
deut,1996,9.8
deut,1997,10.0
deut,1998,10.4
deut,1999,10.8
deut,2000,11.2
deut,2001,11.7
deut,2002,12.1
deut,2003,12.5
deut,2004,13.1
deut,2005,13.0
deut,2006,13.5
deut,2007,13.6
deut,2008,13.7
deut,2009,13.7
deut,2010,13.8
deut,2011,13.8
deut,2012,13.9
deut,2013,13.9
deut,2014,14.0
deut,2015,14.1
deut,2016,14.1
deut,2017,14.1
deut,2018,14.1
deut,2019,14.2
djit,1995,2.8
djit,1996,2.8
djit,1997,2.9
djit,1998,3.0
djit,1999,3.1
djit,2000,3.2
djit,2001,3.3
djit,2002,3.4
djit,2003,3.5
djit,2004,3.6
djit,2005,3.7
djit,2006,3.8
djit,2007,3.9
djit,2008,3.9
djit,2009,3.9
djit,2010,4.0
djit,2011,4.0
djit,2012,4.0
djit,2013,4.0
djit,2014,4.1
djit,2015,4.1
djit,2016,4.1
djit,2017,4.1
djit,2018,4.0
djit,2019,4.1
dmat,2000,7.8
dmat,2001,7.8
dmat,2002,7.8
dmat,2003,7.8
dmat,2004,7.8
dmat,2005,7.8
dmat,2006,7.8
dmat,2007,7.8
dmat,2008,7.8
dmat,2009,7.8
dmat,2010,7.8
dmat,2011,7.8
dmat,2012,7.9
dmat,2013,7.9
dmat,2014,7.9
dmat,2015,8.0
dmat,2016,8.0
dmat,2017,8.1
dmat,2018,8.1
dmat,2019,8.1
dnkt,1990,9.0
dnkt,1991,9.2
dnkt,1992,9.3
dnkt,1993,9.5
dnkt,1994,9.7
dnkt,1995,9.9
dnkt,1996,10.1
dnkt,1997,10.2
dnkt,1998,10.4
dnkt,1999,10.6
dnkt,2000,10.7
dnkt,2001,11.4
dnkt,2002,12.1
dnkt,2003,12.8
dnkt,2004,12.8
dnkt,2005,12.8
dnkt,2006,12.8
dnkt,2007,12.5
dnkt,2008,12.9
dnkt,2009,12.7
dnkt,2010,12.7
dnkt,2011,12.7
dnkt,2012,12.8
dnkt,2013,12.8
dnkt,2014,12.8
dnkt,2015,12.5
dnkt,2016,12.5
dnkt,2017,12.6
dnkt,2018,12.6
dnkt,2019,12.6
domt,1990,5.0
domt,1991,5.1
domt,1992,5.3
domt,1993,5.5
domt,1994,5.7
domt,1995,5.8
domt,1996,6.0
domt,1997,6.1
domt,1998,6.2
domt,1999,6.3
domt,2000,6.4
domt,2001,6.5
domt,2002,6.7
domt,2003,6.8
domt,2004,6.9
domt,2005,7.0
domt,2006,7.1
domt,2007,7.2
domt,2008,7.2
domt,2009,7.2
domt,2010,7.3
domt,2011,7.4
domt,2012,7.5
domt,2013,7.6
domt,2014,7.8
domt,2015,7.8
domt,2016,7.9
domt,2017,7.9
domt,2018,7.9
domt,2019,8.1
dzat,1990,3.6
dzat,1991,3.8
dzat,1992,4.0
dzat,1993,4.3
dzat,1994,4.5
dzat,1995,4.7
dzat,1996,5.0
dzat,1997,5.2
dzat,1998,5.4
dzat,1999,5.7
dzat,2000,5.9
dzat,2001,6.1
dzat,2002,6.3
dzat,2003,6.5
dzat,2004,6.7
dzat,2005,6.9
dzat,2006,7.0
dzat,2007,7.2
dzat,2008,6.7
dzat,2009,6.9
dzat,2010,7.1
dzat,2011,7.4
dzat,2012,7.6
dzat,2013,7.8
dzat,2014,7.9
dzat,2015,7.9
dzat,2016,7.9
dzat,2017,8.0
dzat,2018,8.0
dzat,2019,8.0
ecut,1990,6.6
ecut,1991,6.7
ecut,1992,6.7
ecut,1993,6.8
ecut,1994,6.9
ecut,1995,6.9
ecut,1996,6.9
ecut,1997,6.9
ecut,1998,6.9
ecut,1999,6.9
ecut,2000,7.0
ecut,2001,7.0
ecut,2002,7.1
ecut,2003,7.1
ecut,2004,7.2
ecut,2005,7.3
ecut,2006,7.3
ecut,2007,7.7
ecut,2008,7.7
ecut,2009,7.7
ecut,2010,7.8
ecut,2011,7.9
ecut,2012,8.1
ecut,2013,8.3
ecut,2014,8.4
ecut,2015,8.7
ecut,2016,8.7
ecut,2017,8.8
ecut,2018,8.8
ecut,2019,8.9
egyt,1990,3.5
egyt,1991,3.6
egyt,1992,3.7
egyt,1993,3.8
egyt,1994,3.9
egyt,1995,4.0
egyt,1996,4.2
egyt,1997,4.3
egyt,1998,4.5
egyt,1999,4.6
egyt,2000,4.8
egyt,2001,4.9
egyt,2002,5.1
egyt,2003,5.3
egyt,2004,5.4
egyt,2005,5.6
egyt,2006,5.8
egyt,2007,6.0
egyt,2008,6.2
egyt,2009,6.4
egyt,2010,6.5
egyt,2011,6.7
egyt,2012,6.8
egyt,2013,6.9
egyt,2014,7.0
egyt,2015,7.1
egyt,2016,7.2
egyt,2017,7.2
egyt,2018,7.3
egyt,2019,7.4
erit,2005,3.7
erit,2006,3.7
erit,2007,3.8
erit,2008,3.8
erit,2009,3.8
erit,2010,3.9
erit,2011,3.9
erit,2012,3.9
erit,2013,3.9
erit,2014,3.9
erit,2015,3.9
erit,2016,3.9
erit,2017,3.9
erit,2018,3.9
erit,2019,3.9
espt,1990,6.0
espt,1991,6.4
espt,1992,6.7
espt,1993,7.1
espt,1994,7.4
espt,1995,7.7
espt,1996,7.9
espt,1997,8.0
espt,1998,8.1
espt,1999,8.2
espt,2000,8.4
espt,2001,8.5
espt,2002,8.5
espt,2003,8.6
espt,2004,8.7
espt,2005,9.0
espt,2006,9.1
espt,2007,9.2
espt,2008,9.2
espt,2009,9.3
espt,2010,9.4
espt,2011,9.5
espt,2012,9.6
espt,2013,9.5
espt,2014,9.8
espt,2015,10.0
espt,2016,10.1
espt,2017,10.2
espt,2018,10.3
espt,2019,10.3
estt,1990,9.3
estt,1991,9.5
estt,1992,9.8
estt,1993,10.0
estt,1994,10.3
estt,1995,10.5
estt,1996,10.7
estt,1997,11.0
estt,1998,11.2
estt,1999,11.5
estt,2000,11.7
estt,2001,11.8
estt,2002,11.9
estt,2003,11.9
estt,2004,12.0
estt,2005,12.1
estt,2006,12.2
estt,2007,12.2
estt,2008,12.3
estt,2009,12.4
estt,2010,12.5
estt,2011,12.5
estt,2012,12.5
estt,2013,12.6
estt,2014,12.6
estt,2015,12.9
estt,2016,13.1
estt,2017,13.0
estt,2018,13.1
estt,2019,13.1
etht,2000,1.5
etht,2001,1.6
etht,2002,1.7
etht,2003,1.7
etht,2004,1.8
etht,2005,1.9
etht,2006,2.0
etht,2007,2.0
etht,2008,2.2
etht,2009,2.3
etht,2010,2.3
etht,2011,2.4
etht,2012,2.4
etht,2013,2.5
etht,2014,2.5
etht,2015,2.6
etht,2016,2.7
etht,2017,2.8
etht,2018,2.8
etht,2019,2.9
fint,1990,7.5
fint,1991,7.7
fint,1992,7.9
fint,1993,8.2
fint,1994,8.4
fint,1995,8.6
fint,1996,8.8
fint,1997,8.9
fint,1998,9.0
fint,1999,9.2
fint,2000,9.3
fint,2001,9.4
fint,2002,9.5
fint,2003,9.6
fint,2004,12.5
fint,2005,12.5
fint,2006,12.6
fint,2007,12.6
fint,2008,12.7
fint,2009,12.8
fint,2010,12.8
fint,2011,12.9
fint,2012,12.9
fint,2013,12.8
fint,2014,12.6
fint,2015,12.7
fint,2016,12.7
fint,2017,12.8
fint,2018,12.8
fint,2019,12.8
fjit,1990,8.4
fjit,1991,8.7
fjit,1992,8.9
fjit,1993,9.2
fjit,1994,9.5
fjit,1995,9.8
fjit,1996,9.8
fjit,1997,9.7
fjit,1998,9.7
fjit,1999,9.6
fjit,2000,9.6
fjit,2001,9.5
fjit,2002,9.4
fjit,2003,9.3
fjit,2004,9.3
fjit,2005,9.2
fjit,2006,9.3
fjit,2007,9.3
fjit,2008,9.4
fjit,2009,9.5
fjit,2010,9.6
fjit,2011,9.8
fjit,2012,10.1
fjit,2013,10.3
fjit,2014,10.5
fjit,2015,10.8
fjit,2016,10.8
fjit,2017,10.8
fjit,2018,10.9
fjit,2019,10.9
frat,1990,7.1
frat,1991,7.5
frat,1992,7.8
frat,1993,8.1
frat,1994,8.4
frat,1995,8.8
frat,1996,9.0
frat,1997,9.2
frat,1998,9.4
frat,1999,9.6
frat,2000,9.8
frat,2001,10.0
frat,2002,10.1
frat,2003,10.2
frat,2004,10.3
frat,2005,10.4
frat,2006,10.6
frat,2007,10.7
frat,2008,10.7
frat,2009,10.8
frat,2010,10.9
frat,2011,10.9
frat,2012,11.0
frat,2013,11.2
frat,2014,11.4
frat,2015,11.5
frat,2016,11.4
frat,2017,11.4
frat,2018,11.4
frat,2019,11.5
fsmt,2000,4.8
fsmt,2001,5.1
fsmt,2002,5.3
fsmt,2003,5.5
fsmt,2004,5.8
fsmt,2005,6.0
fsmt,2006,6.3
fsmt,2007,6.5
fsmt,2008,6.7
fsmt,2009,7.0
fsmt,2010,7.2
fsmt,2011,7.3
fsmt,2012,7.3
fsmt,2013,7.4
fsmt,2014,7.5
fsmt,2015,7.6
fsmt,2016,7.6
fsmt,2017,7.7
fsmt,2018,7.7
fsmt,2019,7.8
gabt,1990,4.3
gabt,1991,4.5
gabt,1992,4.7
gabt,1993,4.9
gabt,1994,5.0
gabt,1995,5.2
gabt,1996,5.4
gabt,1997,5.6
gabt,1998,5.8
gabt,1999,6.0
gabt,2000,6.2
gabt,2001,6.3
gabt,2002,6.5
gabt,2003,6.6
gabt,2004,6.8
gabt,2005,6.9
gabt,2006,7.0
gabt,2007,7.2
gabt,2008,7.3
gabt,2009,7.4
gabt,2010,7.6
gabt,2011,7.7
gabt,2012,7.8
gabt,2013,7.9
gabt,2014,8.0
gabt,2015,8.1
gabt,2016,8.2
gabt,2017,8.3
gabt,2018,8.4
gabt,2019,8.7
gbrt,1990,7.9
gbrt,1991,8.6
gbrt,1992,9.3
gbrt,1993,10.0
gbrt,1994,10.7
gbrt,1995,11.4
gbrt,1996,11.4
gbrt,1997,11.5
gbrt,1998,11.5
gbrt,1999,11.6
gbrt,2000,11.7
gbrt,2001,11.8
gbrt,2002,11.9
gbrt,2003,12.0
gbrt,2004,12.1
gbrt,2005,12.2
gbrt,2006,12.4
gbrt,2007,12.6
gbrt,2008,12.8
gbrt,2009,13.1
gbrt,2010,13.2
gbrt,2011,13.0
gbrt,2012,12.9
gbrt,2013,12.6
gbrt,2014,12.7
gbrt,2015,12.8
gbrt,2016,12.9
gbrt,2017,12.9
gbrt,2018,13.0
gbrt,2019,13.2
geot,2000,11.7
geot,2001,11.8
geot,2002,11.9
geot,2003,12.0
geot,2004,12.0
geot,2005,12.1
geot,2006,12.1
geot,2007,12.1
geot,2008,12.2
geot,2009,12.2
geot,2010,12.2
geot,2011,12.2
geot,2012,12.5
geot,2013,12.6
geot,2014,12.6
geot,2015,12.7
geot,2016,12.8
geot,2017,12.8
geot,2018,12.8
geot,2019,13.1
ghat,1990,4.9
ghat,1991,5.1
ghat,1992,5.2
ghat,1993,5.4
ghat,1994,5.5
ghat,1995,5.7
ghat,1996,5.8
ghat,1997,5.8
ghat,1998,5.9
ghat,1999,6.0
ghat,2000,6.1
ghat,2001,6.2
ghat,2002,6.2
ghat,2003,6.3
ghat,2004,6.4
ghat,2005,6.4
ghat,2006,6.5
ghat,2007,6.5
ghat,2008,6.6
ghat,2009,6.7
ghat,2010,6.7
ghat,2011,6.8
ghat,2012,6.8
ghat,2013,6.9
ghat,2014,6.9
ghat,2015,6.9
ghat,2016,7.1
ghat,2017,7.1
ghat,2018,7.2
ghat,2019,7.3
gint,1990,1.2
gint,1991,1.2
gint,1992,1.2
gint,1993,1.3
gint,1994,1.3
gint,1995,1.3
gint,1996,1.4
gint,1997,1.4
gint,1998,1.4
gint,1999,1.4
gint,2000,1.5
gint,2001,1.5
gint,2002,1.5
gint,2003,1.5
gint,2004,1.6
gint,2005,1.6
gint,2006,1.6
gint,2007,1.6
gint,2008,1.6
gint,2009,1.6
gint,2010,1.6
gint,2011,2.0
gint,2012,2.4
gint,2013,2.6
gint,2014,2.6
gint,2015,2.7
gint,2016,2.7
gint,2017,2.7
gint,2018,2.7
gint,2019,2.8
gmbt,1990,1.2
gmbt,1991,1.4
gmbt,1992,1.5
gmbt,1993,1.6
gmbt,1994,1.7
gmbt,1995,1.8
gmbt,1996,1.8
gmbt,1997,1.9
gmbt,1998,1.9
gmbt,1999,2.0
gmbt,2000,2.0
gmbt,2001,2.1
gmbt,2002,2.1
gmbt,2003,2.2
gmbt,2004,2.3
gmbt,2005,2.4
gmbt,2006,2.5
gmbt,2007,2.5
gmbt,2008,2.6
gmbt,2009,2.7
gmbt,2010,2.8
gmbt,2011,3.1
gmbt,2012,3.2
gmbt,2013,3.4
gmbt,2014,3.5
gmbt,2015,3.5
gmbt,2016,3.5
gmbt,2017,3.7
gmbt,2018,3.8
gmbt,2019,3.9
gnbt,2005,2.3
gnbt,2006,2.3
gnbt,2007,2.3
gnbt,2008,2.4
gnbt,2009,2.5
gnbt,2010,2.6
gnbt,2011,2.7
gnbt,2012,2.8
gnbt,2013,2.8
gnbt,2014,3.2
gnbt,2015,3.2
gnbt,2016,3.3
gnbt,2017,3.3
gnbt,2018,3.3
gnbt,2019,3.6
gnqt,2000,5.4
gnqt,2001,5.4
gnqt,2002,5.4
gnqt,2003,5.4
gnqt,2004,5.4
gnqt,2005,5.4
gnqt,2006,5.4
gnqt,2007,5.4
gnqt,2008,5.4
gnqt,2009,5.5
gnqt,2010,5.5
gnqt,2011,5.5
gnqt,2012,5.5
gnqt,2013,5.5
gnqt,2014,5.5
gnqt,2015,5.5
gnqt,2016,5.5
gnqt,2017,5.6
gnqt,2018,5.6
gnqt,2019,5.9
grct,1990,7.9
grct,1991,7.9
grct,1992,8.0
grct,1993,8.1
grct,1994,8.1
grct,1995,8.2
grct,1996,8.3
grct,1997,8.3
grct,1998,8.4
grct,1999,8.5
grct,2000,8.6
grct,2001,8.8
grct,2002,9.1
grct,2003,9.3
grct,2004,9.6
grct,2005,9.8
grct,2006,9.9
grct,2007,10.0
grct,2008,10.1
grct,2009,10.1
grct,2010,10.3
grct,2011,10.3
grct,2012,10.3
grct,2013,10.4
grct,2014,10.5
grct,2015,10.6
grct,2016,10.3
grct,2017,10.5
grct,2018,10.5
grct,2019,10.6
grdt,2002,7.4
grdt,2003,7.6
grdt,2004,7.7
grdt,2005,7.8
grdt,2006,7.9
grdt,2007,8.0
grdt,2008,8.1
grdt,2009,8.2
grdt,2010,8.3
grdt,2011,8.4
grdt,2012,8.4
grdt,2013,8.5
grdt,2014,8.6
grdt,2015,8.7
grdt,2016,8.7
grdt,2017,8.7
grdt,2018,8.8
grdt,2019,9.0
gtmt,1990,3.1
gtmt,1991,3.2
gtmt,1992,3.3
gtmt,1993,3.3
gtmt,1994,3.4
gtmt,1995,3.5
gtmt,1996,3.5
gtmt,1997,3.6
gtmt,1998,3.6
gtmt,1999,3.6
gtmt,2000,3.7
gtmt,2001,3.8
gtmt,2002,3.8
gtmt,2003,3.7
gtmt,2004,3.6
gtmt,2005,3.5
gtmt,2006,3.7
gtmt,2007,3.8
gtmt,2008,4.0
gtmt,2009,4.2
gtmt,2010,4.3
gtmt,2011,4.5
gtmt,2012,4.6
gtmt,2013,4.7
gtmt,2014,6.4
gtmt,2015,6.4
gtmt,2016,6.4
gtmt,2017,6.5
gtmt,2018,6.5
gtmt,2019,6.6
guyt,1990,6.8
guyt,1991,6.9
guyt,1992,7.0
guyt,1993,7.0
guyt,1994,7.1
guyt,1995,7.2
guyt,1996,7.3
guyt,1997,7.4
guyt,1998,7.5
guyt,1999,7.6
guyt,2000,7.7
guyt,2001,7.8
guyt,2002,7.8
guyt,2003,7.8
guyt,2004,7.9
guyt,2005,7.9
guyt,2006,7.9
guyt,2007,8.0
guyt,2008,8.0
guyt,2009,8.0
guyt,2010,8.1
guyt,2011,8.2
guyt,2012,8.3
guyt,2013,8.3
guyt,2014,8.4
guyt,2015,8.4
guyt,2016,8.4
guyt,2017,8.5
guyt,2018,8.5
guyt,2019,8.5
hndt,1990,3.5
hndt,1991,3.5
hndt,1992,3.6
hndt,1993,3.7
hndt,1994,3.8
hndt,1995,3.9
hndt,1996,3.9
hndt,1997,4.0
hndt,1998,4.1
hndt,1999,4.2
hndt,2000,4.3
hndt,2001,4.4
hndt,2002,4.5
hndt,2003,4.6
hndt,2004,4.6
hndt,2005,4.7
hndt,2006,4.8
hndt,2007,5.0
hndt,2008,5.1
hndt,2009,5.2
hndt,2010,5.4
hndt,2011,5.6
hndt,2012,5.5
hndt,2013,5.8
hndt,2014,6.2
hndt,2015,6.3
hndt,2016,6.5
hndt,2017,6.6
hndt,2018,6.6
hndt,2019,6.6
hrvt,1990,6.0
hrvt,1991,6.3
hrvt,1992,6.5
hrvt,1993,6.8
hrvt,1994,7.1
hrvt,1995,7.3
hrvt,1996,7.8
hrvt,1997,8.2
hrvt,1998,8.6
hrvt,1999,9.0
hrvt,2000,9.4
hrvt,2001,9.8
hrvt,2002,9.8
hrvt,2003,9.8
hrvt,2004,9.7
hrvt,2005,9.7
hrvt,2006,9.9
hrvt,2007,10.1
hrvt,2008,10.3
hrvt,2009,10.6
hrvt,2010,10.8
hrvt,2011,11.1
hrvt,2012,11.2
hrvt,2013,11.2
hrvt,2014,11.3
hrvt,2015,11.3
hrvt,2016,11.4
hrvt,2017,11.4
hrvt,2018,11.4
hrvt,2019,11.4
htit,1990,2.7
htit,1991,2.8
htit,1992,2.9
htit,1993,3.0
htit,1994,3.1
htit,1995,3.2
htit,1996,3.3
htit,1997,3.4
htit,1998,3.5
htit,1999,3.6
htit,2000,3.8
htit,2001,3.9
htit,2002,4.0
htit,2003,4.1
htit,2004,4.2
htit,2005,4.3
htit,2006,4.4
htit,2007,4.5
htit,2008,4.6
htit,2009,4.7
htit,2010,4.7
htit,2011,4.8
htit,2012,4.9
htit,2013,5.0
htit,2014,5.2
htit,2015,5.3
htit,2016,5.4
htit,2017,5.4
htit,2018,5.6
htit,2019,5.6
hunt,1990,8.7
hunt,1991,9.0
hunt,1992,9.3
hunt,1993,9.7
hunt,1994,10.0
hunt,1995,10.3
hunt,1996,10.3
hunt,1997,10.3
hunt,1998,10.3
hunt,1999,10.2
hunt,2000,10.2
hunt,2001,10.3
hunt,2002,10.3
hunt,2003,10.5
hunt,2004,10.6
hunt,2005,10.7
hunt,2006,11.1
hunt,2007,11.3
hunt,2008,11.5
hunt,2009,12.1
hunt,2010,12.2
hunt,2011,11.7
hunt,2012,11.8
hunt,2013,12.0
hunt,2014,11.8
hunt,2015,11.8
hunt,2016,11.8
hunt,2017,11.9
hunt,2018,11.9
hunt,2019,12.0
idnt,1990,3.3
idnt,1991,3.5
idnt,1992,3.7
idnt,1993,3.9
idnt,1994,4.0
idnt,1995,4.2
idnt,1996,4.7
idnt,1997,5.2
idnt,1998,5.7
idnt,1999,6.2
idnt,2000,6.7
idnt,2001,6.9
idnt,2002,7.0
idnt,2003,7.2
idnt,2004,7.3
idnt,2005,7.4
idnt,2006,7.9
idnt,2007,7.1
idnt,2008,7.1
idnt,2009,7.4
idnt,2010,7.4
idnt,2011,7.6
idnt,2012,7.6
idnt,2013,7.8
idnt,2014,7.8
idnt,2015,7.9
idnt,2016,7.9
idnt,2017,8.0
idnt,2018,8.0
idnt,2019,8.2
indt,1990,3.0
indt,1991,3.1
indt,1992,3.2
indt,1993,3.3
indt,1994,3.4
indt,1995,3.5
indt,1996,3.7
indt,1997,3.9
indt,1998,4.0
indt,1999,4.2
indt,2000,4.4
indt,2001,4.5
indt,2002,4.6
indt,2003,4.7
indt,2004,4.7
indt,2005,4.8
indt,2006,4.9
indt,2007,5.0
indt,2008,5.2
indt,2009,5.3
indt,2010,5.4
indt,2011,5.3
indt,2012,5.5
indt,2013,5.8
indt,2014,6.0
indt,2015,6.2
indt,2016,6.4
indt,2017,6.5
indt,2018,6.5
indt,2019,6.5
irlt,1990,9.7
irlt,1991,9.9
irlt,1992,10.0
irlt,1993,10.1
irlt,1994,10.3
irlt,1995,10.4
irlt,1996,10.5
irlt,1997,10.6
irlt,1998,10.7
irlt,1999,10.8
irlt,2000,10.8
irlt,2001,11.0
irlt,2002,11.2
irlt,2003,11.4
irlt,2004,11.6
irlt,2005,11.7
irlt,2006,11.8
irlt,2007,11.9
irlt,2008,12.0
irlt,2009,12.1
irlt,2010,11.1
irlt,2011,10.9
irlt,2012,11.3
irlt,2013,11.8
irlt,2014,12.3
irlt,2015,12.3
irlt,2016,12.5
irlt,2017,12.5
irlt,2018,12.5
irlt,2019,12.7
irnt,1990,4.2
irnt,1991,4.4
irnt,1992,4.6
irnt,1993,4.8
irnt,1994,5.1
irnt,1995,5.3
irnt,1996,5.5
irnt,1997,5.6
irnt,1998,5.8
irnt,1999,6.0
irnt,2000,6.2
irnt,2001,6.4
irnt,2002,6.5
irnt,2003,6.7
irnt,2004,6.9
irnt,2005,7.0
irnt,2006,9.1
irnt,2007,8.9
irnt,2008,8.6
irnt,2009,8.8
irnt,2010,9.0
irnt,2011,9.2
irnt,2012,9.5
irnt,2013,9.8
irnt,2014,9.8
irnt,2015,9.9
irnt,2016,10.0
irnt,2017,10.0
irnt,2018,10.2
irnt,2019,10.3
irqt,1990,3.2
irqt,1991,3.4
irqt,1992,3.6
irqt,1993,3.8
irqt,1994,4.0
irqt,1995,4.2
irqt,1996,4.3
irqt,1997,4.5
irqt,1998,4.7
irqt,1999,4.9
irqt,2000,5.0
irqt,2001,5.2
irqt,2002,5.4
irqt,2003,5.5
irqt,2004,5.7
irqt,2005,5.8
irqt,2006,5.9
irqt,2007,6.1
irqt,2008,6.2
irqt,2009,6.3
irqt,2010,6.4
irqt,2011,6.6
irqt,2012,6.6
irqt,2013,6.6
irqt,2014,6.6
irqt,2015,6.8
irqt,2016,6.9
irqt,2017,7.0
irqt,2018,7.3
irqt,2019,7.3
islt,1990,8.5
islt,1991,8.6
islt,1992,8.6
islt,1993,8.7
islt,1994,8.8
islt,1995,8.9
islt,1996,9.0
islt,1997,9.1
islt,1998,9.2
islt,1999,9.3
islt,2000,9.4
islt,2001,9.6
islt,2002,9.7
islt,2003,9.8
islt,2004,9.9
islt,2005,10.0
islt,2006,10.2
islt,2007,10.3
islt,2008,10.4
islt,2009,10.5
islt,2010,10.6
islt,2011,11.0
islt,2012,11.5
islt,2013,11.9
islt,2014,12.2
islt,2015,12.2
islt,2016,12.4
islt,2017,12.4
islt,2018,12.5
islt,2019,12.8
isrt,1990,10.8
isrt,1991,11.0
isrt,1992,11.1
isrt,1993,11.3
isrt,1994,11.4
isrt,1995,11.6
isrt,1996,11.7
isrt,1997,11.8
isrt,1998,11.8
isrt,1999,11.9
isrt,2000,12.0
isrt,2001,12.1
isrt,2002,12.1
isrt,2003,12.2
isrt,2004,12.2
isrt,2005,12.3
isrt,2006,12.1
isrt,2007,12.5
isrt,2008,12.6
isrt,2009,12.6
isrt,2010,12.6
isrt,2011,12.7
isrt,2012,12.8
isrt,2013,12.8
isrt,2014,12.9
isrt,2015,12.9
isrt,2016,13.0
isrt,2017,13.0
isrt,2018,13.0
isrt,2019,13.0
itat,1990,7.3
itat,1991,7.4
itat,1992,7.5
itat,1993,7.7
itat,1994,7.8
itat,1995,7.9
itat,1996,8.1
itat,1997,8.2
itat,1998,8.3
itat,1999,8.4
itat,2000,8.6
itat,2001,8.7
itat,2002,8.8
itat,2003,8.9
itat,2004,9.1
itat,2005,9.2
itat,2006,9.3
itat,2007,9.4
itat,2008,9.5
itat,2009,9.6
itat,2010,9.7
itat,2011,9.8
itat,2012,9.9
itat,2013,10.0
itat,2014,10.1
itat,2015,10.1
itat,2016,10.2
itat,2017,10.2
itat,2018,10.3
itat,2019,10.4
jamt,1990,5.9
jamt,1991,5.9
jamt,1992,6.1
jamt,1993,6.2
jamt,1994,6.4
jamt,1995,6.6
jamt,1996,6.7
jamt,1997,6.9
jamt,1998,7.0
jamt,1999,7.2
jamt,2000,7.3
jamt,2001,7.5
jamt,2002,7.7
jamt,2003,7.8
jamt,2004,8.0
jamt,2005,8.1
jamt,2006,8.3
jamt,2007,8.4
jamt,2008,8.6
jamt,2009,8.8
jamt,2010,8.9
jamt,2011,9.0
jamt,2012,9.1
jamt,2013,9.2
jamt,2014,9.4
jamt,2015,9.5
jamt,2016,9.7
jamt,2017,9.8
jamt,2018,9.8
jamt,2019,9.7
jort,1990,5.1
jort,1991,5.9
jort,1992,6.8
jort,1993,7.6
jort,1994,8.5
jort,1995,9.3
jort,1996,9.3
jort,1997,9.4
jort,1998,9.4
jort,1999,9.5
jort,2000,9.5
jort,2001,9.6
jort,2002,9.6
jort,2003,9.7
jort,2004,9.7
jort,2005,9.7
jort,2006,9.8
jort,2007,9.8
jort,2008,9.8
jort,2009,9.9
jort,2010,9.8
jort,2011,9.9
jort,2012,9.9
jort,2013,9.9
jort,2014,10.1
jort,2015,10.3
jort,2016,10.4
jort,2017,10.4
jort,2018,10.5
jort,2019,10.5
jpnt,1990,9.6
jpnt,1991,9.7
jpnt,1992,9.8
jpnt,1993,10.0
jpnt,1994,10.1
jpnt,1995,10.2
jpnt,1996,10.3
jpnt,1997,10.4
jpnt,1998,10.5
jpnt,1999,10.6
jpnt,2000,10.7
jpnt,2001,10.8
jpnt,2002,10.9
jpnt,2003,11.0
jpnt,2004,11.1
jpnt,2005,11.2
jpnt,2006,11.2
jpnt,2007,11.3
jpnt,2008,11.4
jpnt,2009,11.4
jpnt,2010,11.5
jpnt,2011,11.8
jpnt,2012,12.0
jpnt,2013,12.2
jpnt,2014,12.5
jpnt,2015,12.5
jpnt,2016,12.7
jpnt,2017,12.8
jpnt,2018,12.8
jpnt,2019,12.8
kazt,1990,8.1
kazt,1991,8.3
kazt,1992,8.5
kazt,1993,8.8
kazt,1994,9.0
kazt,1995,9.3
kazt,1996,9.5
kazt,1997,9.8
kazt,1998,10.0
kazt,1999,10.2
kazt,2000,10.5
kazt,2001,10.7
kazt,2002,11.0
kazt,2003,11.2
kazt,2004,11.5
kazt,2005,11.7
kazt,2006,11.7
kazt,2007,11.6
kazt,2008,11.5
kazt,2009,11.5
kazt,2010,11.4
kazt,2011,11.5
kazt,2012,11.5
kazt,2013,11.6
kazt,2014,11.7
kazt,2015,11.7
kazt,2016,11.7
kazt,2017,11.8
kazt,2018,11.8
kazt,2019,11.9
kent,1990,3.7
kent,1991,3.9
kent,1992,4.0
kent,1993,4.2
kent,1994,4.4
kent,1995,4.5
kent,1996,4.7
kent,1997,4.8
kent,1998,5.0
kent,1999,5.1
kent,2000,5.3
kent,2001,5.4
kent,2002,5.5
kent,2003,5.6
kent,2004,5.7
kent,2005,5.8
kent,2006,5.9
kent,2007,6.0
kent,2008,6.0
kent,2009,6.1
kent,2010,6.1
kent,2011,6.2
kent,2012,6.2
kent,2013,6.3
kent,2014,6.3
kent,2015,6.3
kent,2016,6.4
kent,2017,6.5
kent,2018,6.6
kent,2019,6.6
kgzt,1990,8.6
kgzt,1991,8.7
kgzt,1992,8.8
kgzt,1993,8.9
kgzt,1994,9.0
kgzt,1995,9.1
kgzt,1996,9.2
kgzt,1997,9.4
kgzt,1998,9.5
kgzt,1999,9.8
kgzt,2000,9.8
kgzt,2001,9.9
kgzt,2002,10.0
kgzt,2003,10.0
kgzt,2004,10.1
kgzt,2005,10.2
kgzt,2006,10.2
kgzt,2007,10.3
kgzt,2008,10.3
kgzt,2009,10.4
kgzt,2010,10.6
kgzt,2011,10.6
kgzt,2012,10.7
kgzt,2013,10.7
kgzt,2014,10.8
kgzt,2015,10.9
kgzt,2016,10.9
kgzt,2017,10.9
kgzt,2018,10.9
kgzt,2019,11.1
khmt,1990,2.7
khmt,1991,2.7
khmt,1992,2.8
khmt,1993,2.8
khmt,1994,2.9
khmt,1995,3.0
khmt,1996,3.0
khmt,1997,3.1
khmt,1998,3.1
khmt,1999,3.2
khmt,2000,3.2
khmt,2001,3.3
khmt,2002,3.3
khmt,2003,3.4
khmt,2004,3.5
khmt,2005,3.5
khmt,2006,3.6
khmt,2007,4.0
khmt,2008,3.9
khmt,2009,4.0
khmt,2010,4.4
khmt,2011,4.4
khmt,2012,4.5
khmt,2013,4.6
khmt,2014,4.7
khmt,2015,4.7
khmt,2016,4.7
khmt,2017,4.8
khmt,2018,4.8
khmt,2019,5.0
kirt,2000,6.8
kirt,2001,6.9
kirt,2002,7.0
kirt,2003,7.1
kirt,2004,7.2
kirt,2005,7.3
kirt,2006,7.4
kirt,2007,7.5
kirt,2008,7.6
kirt,2009,7.8
kirt,2010,7.9
kirt,2011,7.9
kirt,2012,7.9
kirt,2013,7.9
kirt,2014,7.9
kirt,2015,7.9
kirt,2016,7.9
kirt,2017,7.9
kirt,2018,7.9
kirt,2019,8.0
knat,2005,7.2
knat,2006,7.3
knat,2007,7.4
knat,2008,7.6
knat,2009,7.7
knat,2010,7.8
knat,2011,8.0
knat,2012,8.1
knat,2013,8.3
knat,2014,8.4
knat,2015,8.4
knat,2016,8.4
knat,2017,8.4
knat,2018,8.5
knat,2019,8.7
kort,1990,8.9
kort,1991,9.2
kort,1992,9.4
kort,1993,9.6
kort,1994,9.8
kort,1995,10.0
kort,1996,10.1
kort,1997,10.2
kort,1998,10.4
kort,1999,10.5
kort,2000,10.6
kort,2001,10.7
kort,2002,10.9
kort,2003,11.0
kort,2004,11.2
kort,2005,11.4
kort,2006,11.4
kort,2007,11.5
kort,2008,11.6
kort,2009,11.2
kort,2010,11.6
kort,2011,11.8
kort,2012,11.9
kort,2013,12.0
kort,2014,12.1
kort,2015,12.1
kort,2016,12.2
kort,2017,12.2
kort,2018,12.2
kort,2019,12.2
ksvt,2010,10.061
ksvt,2011,10.461
ksvt,2012,10.445
ksvt,2013,10.471
ksvt,2014,10.566
ksvt,2015,10.646
ksvt,2016,10.677
ksvt,2017,10.764
ksvt,2018,10.781
ksvt,2019,10.825
kwtt,1990,5.5
kwtt,1991,5.5
kwtt,1992,5.6
kwtt,1993,5.7
kwtt,1994,5.7
kwtt,1995,5.8
kwtt,1996,5.9
kwtt,1997,6.0
kwtt,1998,6.0
kwtt,1999,6.1
kwtt,2000,6.2
kwtt,2001,6.2
kwtt,2002,6.1
kwtt,2003,6.1
kwtt,2004,6.1
kwtt,2005,5.8
kwtt,2006,6.2
kwtt,2007,6.3
kwtt,2008,6.5
kwtt,2009,6.6
kwtt,2010,6.8
kwtt,2011,7.0
kwtt,2012,7.3
kwtt,2013,6.7
kwtt,2014,6.9
kwtt,2015,7.1
kwtt,2016,7.2
kwtt,2017,7.3
kwtt,2018,7.3
kwtt,2019,7.3
laot,1990,3.1
laot,1991,3.2
laot,1992,3.3
laot,1993,3.4
laot,1994,3.5
laot,1995,3.6
laot,1996,3.6
laot,1997,3.7
laot,1998,3.8
laot,1999,3.8
laot,2000,3.9
laot,2001,4.0
laot,2002,4.0
laot,2003,4.1
laot,2004,4.2
laot,2005,4.2
laot,2006,4.3
laot,2007,4.4
laot,2008,4.4
laot,2009,4.5
laot,2010,4.6
laot,2011,4.8
laot,2012,5.0
laot,2013,5.1
laot,2014,5.0
laot,2015,5.1
laot,2016,5.2
laot,2017,5.2
laot,2018,5.2
laot,2019,5.3
lbnt,2005,7.5
lbnt,2006,7.6
lbnt,2007,7.8
lbnt,2008,7.8
lbnt,2009,7.9
lbnt,2010,7.9
lbnt,2011,8.0
lbnt,2012,8.1
lbnt,2013,8.3
lbnt,2014,8.4
lbnt,2015,8.5
lbnt,2016,8.6
lbnt,2017,8.7
lbnt,2018,8.7
lbnt,2019,8.7
lbrt,1999,3.4
lbrt,2000,3.5
lbrt,2001,3.5
lbrt,2002,3.6
lbrt,2003,3.7
lbrt,2004,3.7
lbrt,2005,3.8
lbrt,2006,3.8
lbrt,2007,3.9
lbrt,2008,4.0
lbrt,2009,4.0
lbrt,2010,4.1
lbrt,2011,4.2
lbrt,2012,4.3
lbrt,2013,4.4
lbrt,2014,4.4
lbrt,2015,4.4
lbrt,2016,4.5
lbrt,2017,4.7
lbrt,2018,4.7
lbrt,2019,4.8
lbyt,1990,3.8
lbyt,1991,4.0
lbyt,1992,4.2
lbyt,1993,4.3
lbyt,1994,4.5
lbyt,1995,4.7
lbyt,1996,4.9
lbyt,1997,5.0
lbyt,1998,5.2
lbyt,1999,5.4
lbyt,2000,5.6
lbyt,2001,5.8
lbyt,2002,5.9
lbyt,2003,6.1
lbyt,2004,6.3
lbyt,2005,6.4
lbyt,2006,6.6
lbyt,2007,6.8
lbyt,2008,7.0
lbyt,2009,7.1
lbyt,2010,7.3
lbyt,2011,7.3
lbyt,2012,7.3
lbyt,2013,7.3
lbyt,2014,7.3
lbyt,2015,7.3
lbyt,2016,7.3
lbyt,2017,7.6
lbyt,2018,7.6
lbyt,2019,7.6
lcat,2000,7.0
lcat,2001,7.1
lcat,2002,7.2
lcat,2003,7.3
lcat,2004,7.4
lcat,2005,7.5
lcat,2006,7.6
lcat,2007,7.7
lcat,2008,7.8
lcat,2009,7.9
lcat,2010,8.4
lcat,2011,8.4
lcat,2012,8.4
lcat,2013,8.4
lcat,2014,8.4
lcat,2015,8.4
lcat,2016,8.5
lcat,2017,8.5
lcat,2018,8.5
lcat,2019,8.5
liet,2000,10.2
liet,2001,10.4
liet,2002,10.5
liet,2003,10.7
liet,2004,10.8
liet,2005,11.0
liet,2006,11.2
liet,2007,11.4
liet,2008,11.7
liet,2009,11.8
liet,2010,12.1
liet,2011,12.2
liet,2012,12.3
liet,2013,12.4
liet,2014,12.4
liet,2015,12.4
liet,2016,12.5
liet,2017,12.5
liet,2018,12.5
liet,2019,12.5
lkat,1990,8.3
lkat,1991,8.5
lkat,1992,8.6
lkat,1993,8.8
lkat,1994,8.9
lkat,1995,9.1
lkat,1996,9.3
lkat,1997,9.4
lkat,1998,9.6
lkat,1999,9.8
lkat,2000,10.0
lkat,2001,10.2
lkat,2002,10.2
lkat,2003,10.2
lkat,2004,10.3
lkat,2005,10.4
lkat,2006,10.5
lkat,2007,10.6
lkat,2008,11.0
lkat,2009,10.9
lkat,2010,10.8
lkat,2011,10.8
lkat,2012,10.9
lkat,2013,10.9
lkat,2014,10.9
lkat,2015,10.9
lkat,2016,10.5
lkat,2017,10.6
lkat,2018,10.6
lkat,2019,10.6
lsot,1990,4.4
lsot,1991,4.5
lsot,1992,4.5
lsot,1993,4.5
lsot,1994,4.6
lsot,1995,4.6
lsot,1996,4.7
lsot,1997,4.7
lsot,1998,4.8
lsot,1999,4.8
lsot,2000,4.9
lsot,2001,5.0
lsot,2002,5.1
lsot,2003,5.1
lsot,2004,5.2
lsot,2005,5.3
lsot,2006,5.4
lsot,2007,5.5
lsot,2008,5.4
lsot,2009,5.9
lsot,2010,5.6
lsot,2011,5.8
lsot,2012,5.9
lsot,2013,6.0
lsot,2014,6.1
lsot,2015,6.1
lsot,2016,6.3
lsot,2017,6.3
lsot,2018,6.4
lsot,2019,6.5
ltut,1990,9.0
ltut,1991,9.2
ltut,1992,9.4
ltut,1993,9.5
ltut,1994,9.7
ltut,1995,9.9
ltut,1996,10.0
ltut,1997,10.2
ltut,1998,10.4
ltut,1999,10.6
ltut,2000,10.7
ltut,2001,10.9
ltut,2002,11.1
ltut,2003,11.3
ltut,2004,11.5
ltut,2005,11.8
ltut,2006,12.0
ltut,2007,12.1
ltut,2008,12.2
ltut,2009,11.5
ltut,2010,11.6
ltut,2011,11.8
ltut,2012,11.7
ltut,2013,11.9
ltut,2014,12.6
ltut,2015,12.8
ltut,2016,12.9
ltut,2017,13.0
ltut,2018,13.0
ltut,2019,13.1
luxt,1990,8.8
luxt,1991,8.9
luxt,1992,9.0
luxt,1993,9.1
luxt,1994,9.2
luxt,1995,9.3
luxt,1996,9.5
luxt,1997,9.7
luxt,1998,9.9
luxt,1999,10.1
luxt,2000,10.3
luxt,2001,10.5
luxt,2002,10.7
luxt,2003,10.9
luxt,2004,11.1
luxt,2005,11.3
luxt,2006,11.5
luxt,2007,11.7
luxt,2008,11.7
luxt,2009,11.8
luxt,2010,11.8
luxt,2011,11.8
luxt,2012,11.8
luxt,2013,11.8
luxt,2014,12.0
luxt,2015,12.0
luxt,2016,12.1
luxt,2017,12.2
luxt,2018,12.2
luxt,2019,12.3
lvat,1990,7.6
lvat,1991,7.8
lvat,1992,8.1
lvat,1993,8.4
lvat,1994,8.6
lvat,1995,8.9
lvat,1996,9.0
lvat,1997,9.1
lvat,1998,9.2
lvat,1999,9.4
lvat,2000,9.5
lvat,2001,10.0
lvat,2002,10.6
lvat,2003,11.2
lvat,2004,11.7
lvat,2005,12.1
lvat,2006,12.2
lvat,2007,12.3
lvat,2008,12.2
lvat,2009,12.3
lvat,2010,12.5
lvat,2011,12.6
lvat,2012,12.6
lvat,2013,12.7
lvat,2014,12.6
lvat,2015,12.8
lvat,2016,12.9
lvat,2017,13.0
lvat,2018,13.0
lvat,2019,13.0
mart,1990,2.2
mart,1991,2.3
mart,1992,2.4
mart,1993,2.5
mart,1994,2.7
mart,1995,2.8
mart,1996,2.9
mart,1997,3.0
mart,1998,3.1
mart,1999,3.2
mart,2000,3.4
mart,2001,3.5
mart,2002,3.6
mart,2003,3.7
mart,2004,3.8
mart,2005,3.9
mart,2006,4.0
mart,2007,4.0
mart,2008,4.1
mart,2009,4.2
mart,2010,4.2
mart,2011,4.4
mart,2012,4.6
mart,2013,4.8
mart,2014,5.0
mart,2015,5.0
mart,2016,5.4
mart,2017,5.5
mart,2018,5.5
mart,2019,5.6
mdat,1990,8.0
mdat,1991,8.1
mdat,1992,8.2
mdat,1993,8.3
mdat,1994,8.5
mdat,1995,8.6
mdat,1996,8.7
mdat,1997,8.8
mdat,1998,8.8
mdat,1999,8.9
mdat,2000,9.0
mdat,2001,9.3
mdat,2002,9.6
mdat,2003,9.8
mdat,2004,10.1
mdat,2005,10.4
mdat,2006,10.6
mdat,2007,10.9
mdat,2008,10.9
mdat,2009,11.0
mdat,2010,11.1
mdat,2011,11.1
mdat,2012,11.4
mdat,2013,11.6
mdat,2014,11.6
mdat,2015,11.6
mdat,2016,11.6
mdat,2017,11.6
mdat,2018,11.6
mdat,2019,11.7
mdgt,2000,5.2
mdgt,2001,5.2
mdgt,2002,5.3
mdgt,2003,5.4
mdgt,2004,5.5
mdgt,2005,5.6
mdgt,2006,5.7
mdgt,2007,5.8
mdgt,2008,5.9
mdgt,2009,5.9
mdgt,2010,6.0
mdgt,2011,6.1
mdgt,2012,6.1
mdgt,2013,6.1
mdgt,2014,6.1
mdgt,2015,6.1
mdgt,2016,6.1
mdgt,2017,6.1
mdgt,2018,6.1
mdgt,2019,6.1
mdvt,1995,3.5
mdvt,1996,3.4
mdvt,1997,3.3
mdvt,1998,3.2
mdvt,1999,3.1
mdvt,2000,3.0
mdvt,2001,3.1
mdvt,2002,3.2
mdvt,2003,3.3
mdvt,2004,3.4
mdvt,2005,3.5
mdvt,2006,3.8
mdvt,2007,3.9
mdvt,2008,4.3
mdvt,2009,4.7
mdvt,2010,4.9
mdvt,2011,5.2
mdvt,2012,5.5
mdvt,2013,5.7
mdvt,2014,6.2
mdvt,2015,6.7
mdvt,2016,6.8
mdvt,2017,6.8
mdvt,2018,6.8
mdvt,2019,7.0
mext,1990,5.5
mext,1991,5.7
mext,1992,5.9
mext,1993,6.1
mext,1994,6.2
mext,1995,6.4
mext,1996,6.5
mext,1997,6.5
mext,1998,6.6
mext,1999,6.6
mext,2000,6.7
mext,2001,6.8
mext,2002,7.0
mext,2003,7.1
mext,2004,7.4
mext,2005,7.6
mext,2006,8.0
mext,2007,8.0
mext,2008,8.0
mext,2009,8.2
mext,2010,8.0
mext,2011,8.4
mext,2012,8.6
mext,2013,8.4
mext,2014,8.4
mext,2015,8.6
mext,2016,8.6
mext,2017,8.6
mext,2018,8.6
mext,2019,8.8
mkdt,2000,6.5
mkdt,2001,6.8
mkdt,2002,7.1
mkdt,2003,7.5
mkdt,2004,7.8
mkdt,2005,8.2
mkdt,2006,8.4
mkdt,2007,8.5
mkdt,2008,8.7
mkdt,2009,8.9
mkdt,2010,9.1
mkdt,2011,9.3
mkdt,2012,9.3
mkdt,2013,9.4
mkdt,2014,9.5
mkdt,2015,9.6
mkdt,2016,9.6
mkdt,2017,9.7
mkdt,2018,9.7
mkdt,2019,9.8
mlit,1990,0.7
mlit,1991,0.7
mlit,1992,0.8
mlit,1993,0.8
mlit,1994,0.9
mlit,1995,0.9
mlit,1996,1.0
mlit,1997,1.0
mlit,1998,1.1
mlit,1999,1.1
mlit,2000,1.2
mlit,2001,1.3
mlit,2002,1.4
mlit,2003,1.5
mlit,2004,1.6
mlit,2005,1.7
mlit,2006,1.7
mlit,2007,1.8
mlit,2008,1.9
mlit,2009,1.9
mlit,2010,2.0
mlit,2011,2.0
mlit,2012,2.1
mlit,2013,2.2
mlit,2014,2.3
mlit,2015,2.1
mlit,2016,2.2
mlit,2017,2.3
mlit,2018,2.4
mlit,2019,2.4
mmrt,1990,2.4
mmrt,1991,2.5
mmrt,1992,2.5
mmrt,1993,2.6
mmrt,1994,2.7
mmrt,1995,2.7
mmrt,1996,2.8
mmrt,1997,2.9
mmrt,1998,2.9
mmrt,1999,3.0
mmrt,2000,3.1
mmrt,2001,3.2
mmrt,2002,3.3
mmrt,2003,3.4
mmrt,2004,3.5
mmrt,2005,3.5
mmrt,2006,3.7
mmrt,2007,3.8
mmrt,2008,3.9
mmrt,2009,4.0
mmrt,2010,4.1
mmrt,2011,4.3
mmrt,2012,4.5
mmrt,2013,4.7
mmrt,2014,4.8
mmrt,2015,4.9
mmrt,2016,4.9
mmrt,2017,5.0
mmrt,2018,5.0
mmrt,2019,5.0
mnet,2006,10.7
mnet,2007,10.8
mnet,2008,10.9
mnet,2009,11.0
mnet,2010,11.1
mnet,2011,11.1
mnet,2012,11.1
mnet,2013,11.2
mnet,2014,11.3
mnet,2015,11.3
mnet,2016,11.4
mnet,2017,11.5
mnet,2018,11.5
mnet,2019,11.6
mngt,1990,7.7
mngt,1991,7.7
mngt,1992,7.7
mngt,1993,7.8
mngt,1994,7.8
mngt,1995,7.8
mngt,1996,7.9
mngt,1997,8.0
mngt,1998,8.0
mngt,1999,8.1
mngt,2000,8.2
mngt,2001,8.3
mngt,2002,8.4
mngt,2003,8.4
mngt,2004,8.5
mngt,2005,8.6
mngt,2006,8.8
mngt,2007,8.9
mngt,2008,9.0
mngt,2009,9.1
mngt,2010,9.5
mngt,2011,9.8
mngt,2012,9.9
mngt,2013,9.9
mngt,2014,10.0
mngt,2015,10.1
mngt,2016,10.1
mngt,2017,10.2
mngt,2018,10.2
mngt,2019,10.3
mozt,1990,0.8
mozt,1991,1.0
mozt,1992,1.1
mozt,1993,1.2
mozt,1994,1.3
mozt,1995,1.5
mozt,1996,1.7
mozt,1997,1.9
mozt,1998,2.0
mozt,1999,2.1
mozt,2000,2.2
mozt,2001,2.4
mozt,2002,2.5
mozt,2003,2.6
mozt,2004,2.8
mozt,2005,2.9
mozt,2006,2.9
mozt,2007,3.0
mozt,2008,3.1
mozt,2009,3.1
mozt,2010,3.2
mozt,2011,2.5
mozt,2012,2.7
mozt,2013,2.8
mozt,2014,3.0
mozt,2015,3.1
mozt,2016,3.3
mozt,2017,3.4
mozt,2018,3.5
mozt,2019,3.5
mrtt,1990,2.2
mrtt,1991,2.3
mrtt,1992,2.4
mrtt,1993,2.5
mrtt,1994,2.5
mrtt,1995,2.6
mrtt,1996,2.7
mrtt,1997,2.8
mrtt,1998,2.8
mrtt,1999,2.9
mrtt,2000,3.0
mrtt,2001,3.0
mrtt,2002,3.1
mrtt,2003,3.2
mrtt,2004,3.3
mrtt,2005,3.4
mrtt,2006,3.4
mrtt,2007,3.5
mrtt,2008,3.6
mrtt,2009,3.7
mrtt,2010,3.8
mrtt,2011,3.9
mrtt,2012,4.0
mrtt,2013,4.1
mrtt,2014,4.3
mrtt,2015,4.3
mrtt,2016,4.4
mrtt,2017,4.5
mrtt,2018,4.6
mrtt,2019,4.7
must,1990,5.7
must,1991,5.8
must,1992,5.9
must,1993,6.0
must,1994,6.1
must,1995,6.3
must,1996,6.2
must,1997,6.2
must,1998,6.2
must,1999,6.2
must,2000,6.2
must,2001,6.4
must,2002,6.6
must,2003,6.8
must,2004,7.0
must,2005,7.2
must,2006,7.4
must,2007,7.6
must,2008,7.8
must,2009,8.0
must,2010,8.2
must,2011,8.5
must,2012,8.6
must,2013,8.9
must,2014,9.1
must,2015,9.1
must,2016,9.3
must,2017,9.3
must,2018,9.4
must,2019,9.5
mwit,1990,2.5
mwit,1991,2.5
mwit,1992,2.6
mwit,1993,2.6
mwit,1994,2.7
mwit,1995,2.7
mwit,1996,2.8
mwit,1997,2.8
mwit,1998,2.9
mwit,1999,3.0
mwit,2000,3.0
mwit,2001,3.1
mwit,2002,3.2
mwit,2003,3.3
mwit,2004,3.3
mwit,2005,3.4
mwit,2006,3.6
mwit,2007,3.8
mwit,2008,3.9
mwit,2009,4.1
mwit,2010,4.3
mwit,2011,4.3
mwit,2012,4.3
mwit,2013,4.4
mwit,2014,4.4
mwit,2015,4.4
mwit,2016,4.5
mwit,2017,4.5
mwit,2018,4.6
mwit,2019,4.7
myst,1990,6.5
myst,1991,6.7
myst,1992,6.9
myst,1993,7.1
myst,1994,7.4
myst,1995,7.6
myst,1996,7.8
myst,1997,8.0
myst,1998,8.2
myst,1999,8.4
myst,2000,8.6
myst,2001,8.4
myst,2002,8.2
myst,2003,8.0
myst,2004,7.8
myst,2005,7.6
myst,2006,8.2
myst,2007,8.8
myst,2008,9.4
myst,2009,9.6
myst,2010,9.8
myst,2011,10.1
myst,2012,10.1
myst,2013,10.1
myst,2014,10.1
myst,2015,10.2
myst,2016,10.2
myst,2017,10.2
myst,2018,10.2
myst,2019,10.4
namt,1990,5.6
namt,1991,5.6
namt,1992,5.6
namt,1993,5.6
namt,1994,5.7
namt,1995,5.7
namt,1996,5.6
namt,1997,5.6
namt,1998,5.6
namt,1999,5.6
namt,2000,5.6
namt,2001,5.8
namt,2002,5.8
namt,2003,5.8
namt,2004,5.9
namt,2005,6.0
namt,2006,6.0
namt,2007,6.1
namt,2008,6.1
namt,2009,6.2
namt,2010,6.2
namt,2011,6.3
namt,2012,6.4
namt,2013,6.6
namt,2014,6.7
namt,2015,6.8
namt,2016,6.8
namt,2017,6.9
namt,2018,6.9
namt,2019,7.0
nert,1990,0.7
nert,1991,0.7
nert,1992,0.8
nert,1993,0.8
nert,1994,0.8
nert,1995,0.9
nert,1996,0.9
nert,1997,1.0
nert,1998,1.0
nert,1999,1.1
nert,2000,1.1
nert,2001,1.1
nert,2002,1.2
nert,2003,1.2
nert,2004,1.3
nert,2005,1.3
nert,2006,1.3
nert,2007,1.4
nert,2008,1.4
nert,2009,1.4
nert,2010,1.4
nert,2011,1.5
nert,2012,1.6
nert,2013,1.7
nert,2014,1.7
nert,2015,1.8
nert,2016,1.9
nert,2017,2.0
nert,2018,2.0
nert,2019,2.1
ngat,2003,5.2
ngat,2004,5.2
ngat,2005,5.2
ngat,2006,5.2
ngat,2007,5.2
ngat,2008,5.2
ngat,2009,5.2
ngat,2010,5.2
ngat,2011,5.5
ngat,2012,5.7
ngat,2013,5.9
ngat,2014,6.1
ngat,2015,6.2
ngat,2016,6.3
ngat,2017,6.4
ngat,2018,6.5
ngat,2019,6.7
nict,1990,4.1
nict,1991,4.2
nict,1992,4.3
nict,1993,4.4
nict,1994,4.5
nict,1995,4.6
nict,1996,4.7
nict,1997,4.8
nict,1998,4.9
nict,1999,5.0
nict,2000,5.1
nict,2001,5.2
nict,2002,5.2
nict,2003,5.3
nict,2004,5.4
nict,2005,5.5
nict,2006,5.6
nict,2007,5.7
nict,2008,5.8
nict,2009,5.9
nict,2010,6.0
nict,2011,6.1
nict,2012,6.3
nict,2013,6.4
nict,2014,6.5
nict,2015,6.5
nict,2016,6.7
nict,2017,6.8
nict,2018,6.8
nict,2019,6.9
nldt,1990,10.2
nldt,1991,10.2
nldt,1992,10.3
nldt,1993,10.4
nldt,1994,10.4
nldt,1995,10.5
nldt,1996,10.6
nldt,1997,10.6
nldt,1998,10.7
nldt,1999,10.8
nldt,2000,10.8
nldt,2001,11.0
nldt,2002,11.1
nldt,2003,11.3
nldt,2004,11.5
nldt,2005,11.6
nldt,2006,11.8
nldt,2007,12.0
nldt,2008,12.0
nldt,2009,11.9
nldt,2010,12.0
nldt,2011,12.0
nldt,2012,12.1
nldt,2013,12.1
nldt,2014,12.1
nldt,2015,12.2
nldt,2016,12.2
nldt,2017,12.3
nldt,2018,12.3
nldt,2019,12.4
nort,1990,11.5
nort,1991,11.6
nort,1992,11.6
nort,1993,11.7
nort,1994,11.7
nort,1995,11.8
nort,1996,11.8
nort,1997,11.9
nort,1998,11.9
nort,1999,12.0
nort,2000,12.0
nort,2001,12.1
nort,2002,12.1
nort,2003,12.2
nort,2004,12.7
nort,2005,12.4
nort,2006,12.5
nort,2007,12.6
nort,2008,12.7
nort,2009,12.7
nort,2010,12.7
nort,2011,12.8
nort,2012,12.6
nort,2013,12.7
nort,2014,12.5
nort,2015,12.5
nort,2016,12.6
nort,2017,12.8
nort,2018,12.8
nort,2019,12.9
nplt,1990,2.0
nplt,1991,2.1
nplt,1992,2.1
nplt,1993,2.2
nplt,1994,2.2
nplt,1995,2.2
nplt,1996,2.3
nplt,1997,2.3
nplt,1998,2.3
nplt,1999,2.3
nplt,2000,2.4
nplt,2001,2.5
nplt,2002,2.5
nplt,2003,2.6
nplt,2004,2.7
nplt,2005,2.8
nplt,2006,2.9
nplt,2007,3.0
nplt,2008,3.1
nplt,2009,3.2
nplt,2010,3.3
nplt,2011,3.3
nplt,2012,4.0
nplt,2013,4.2
nplt,2014,4.5
nplt,2015,4.7
nplt,2016,4.9
nplt,2017,4.7
nplt,2018,4.9
nplt,2019,5.0
nzlt,1990,11.5
nzlt,1991,11.6
nzlt,1992,11.6
nzlt,1993,11.6
nzlt,1994,11.6
nzlt,1995,11.6
nzlt,1996,11.6
nzlt,1997,11.6
nzlt,1998,11.6
nzlt,1999,11.6
nzlt,2000,11.6
nzlt,2001,11.6
nzlt,2002,11.6
nzlt,2003,11.6
nzlt,2004,11.6
nzlt,2005,11.7
nzlt,2006,11.7
nzlt,2007,11.8
nzlt,2008,11.8
nzlt,2009,11.9
nzlt,2010,12.0
nzlt,2011,12.0
nzlt,2012,12.1
nzlt,2013,12.1
nzlt,2014,12.2
nzlt,2015,12.4
nzlt,2016,12.6
nzlt,2017,12.7
nzlt,2018,12.7
nzlt,2019,12.8
omnt,2000,5.3
omnt,2001,5.6
omnt,2002,5.9
omnt,2003,6.4
omnt,2004,6.6
omnt,2005,6.8
omnt,2006,7.0
omnt,2007,7.3
omnt,2008,8.1
omnt,2009,7.7
omnt,2010,7.9
omnt,2011,8.3
omnt,2012,8.6
omnt,2013,8.9
omnt,2014,9.3
omnt,2015,9.5
omnt,2016,9.6
omnt,2017,9.7
omnt,2018,9.7
omnt,2019,9.7
pakt,1990,2.3
pakt,1991,2.4
pakt,1992,2.5
pakt,1993,2.6
pakt,1994,2.7
pakt,1995,2.8
pakt,1996,2.9
pakt,1997,3.0
pakt,1998,3.1
pakt,1999,3.2
pakt,2000,3.3
pakt,2001,3.5
pakt,2002,3.8
pakt,2003,4.0
pakt,2004,4.3
pakt,2005,4.5
pakt,2006,4.4
pakt,2007,4.4
pakt,2008,4.4
pakt,2009,4.5
pakt,2010,4.7
pakt,2011,4.8
pakt,2012,4.8
pakt,2013,4.9
pakt,2014,5.1
pakt,2015,5.1
pakt,2016,5.1
pakt,2017,5.1
pakt,2018,5.2
pakt,2019,5.2
pant,1990,7.3
pant,1991,7.4
pant,1992,7.6
pant,1993,7.7
pant,1994,7.9
pant,1995,8.0
pant,1996,8.1
pant,1997,8.2
pant,1998,8.3
pant,1999,8.4
pant,2000,8.5
pant,2001,8.6
pant,2002,8.7
pant,2003,8.8
pant,2004,8.9
pant,2005,9.0
pant,2006,9.1
pant,2007,9.2
pant,2008,9.2
pant,2009,9.3
pant,2010,9.3
pant,2011,9.3
pant,2012,9.5
pant,2013,9.7
pant,2014,9.9
pant,2015,9.9
pant,2016,10.0
pant,2017,10.2
pant,2018,10.2
pant,2019,10.2
pert,1990,6.6
pert,1991,6.7
pert,1992,6.9
pert,1993,7.0
pert,1994,7.1
pert,1995,7.3
pert,1996,7.4
pert,1997,7.5
pert,1998,7.7
pert,1999,7.8
pert,2000,8.0
pert,2001,8.1
pert,2002,8.3
pert,2003,8.4
pert,2004,8.6
pert,2005,8.7
pert,2006,8.1
pert,2007,8.1
pert,2008,8.4
pert,2009,8.4
pert,2010,8.4
pert,2011,9.1
pert,2012,8.6
pert,2013,8.8
pert,2014,9.4
pert,2015,9.1
pert,2016,9.4
pert,2017,9.5
pert,2018,9.7
pert,2019,9.7
phlt,1990,6.6
phlt,1991,6.7
phlt,1992,6.8
phlt,1993,6.9
phlt,1994,7.0
phlt,1995,7.1
phlt,1996,7.2
phlt,1997,7.3
phlt,1998,7.4
phlt,1999,7.5
phlt,2000,7.7
phlt,2001,7.7
phlt,2002,7.9
phlt,2003,8.0
phlt,2004,8.6
phlt,2005,8.7
phlt,2006,8.8
phlt,2007,8.9
phlt,2008,9.0
phlt,2009,9.0
phlt,2010,8.9
phlt,2011,9.0
phlt,2012,9.1
phlt,2013,9.1
phlt,2014,9.2
phlt,2015,9.3
phlt,2016,9.3
phlt,2017,9.4
phlt,2018,9.4
phlt,2019,9.4
pngt,1990,2.3
pngt,1991,2.4
pngt,1992,2.6
pngt,1993,2.7
pngt,1994,2.8
pngt,1995,2.9
pngt,1996,3.0
pngt,1997,3.1
pngt,1998,3.1
pngt,1999,3.2
pngt,2000,3.3
pngt,2001,3.3
pngt,2002,3.4
pngt,2003,3.4
pngt,2004,3.5
pngt,2005,3.5
pngt,2006,3.6
pngt,2007,3.7
pngt,2008,3.8
pngt,2009,3.9
pngt,2010,4.0
pngt,2011,4.1
pngt,2012,4.2
pngt,2013,4.3
pngt,2014,4.3
pngt,2015,4.3
pngt,2016,4.6
pngt,2017,4.6
pngt,2018,4.6
pngt,2019,4.7
polt,1990,9.8
polt,1991,9.9
polt,1992,10.1
polt,1993,10.2
polt,1994,10.4
polt,1995,10.5
polt,1996,10.6
polt,1997,10.7
polt,1998,10.8
polt,1999,10.9
polt,2000,11.1
polt,2001,11.1
polt,2002,11.4
polt,2003,11.5
polt,2004,11.6
polt,2005,11.6
polt,2006,11.7
polt,2007,11.8
polt,2008,11.9
polt,2009,12.1
polt,2010,12.2
polt,2011,12.3
polt,2012,11.7
polt,2013,12.1
polt,2014,12.1
polt,2015,12.2
polt,2016,12.3
polt,2017,12.3
polt,2018,12.3
polt,2019,12.5
prtt,1990,6.2
prtt,1991,6.3
prtt,1992,6.3
prtt,1993,6.4
prtt,1994,6.4
prtt,1995,6.4
prtt,1996,6.5
prtt,1997,6.5
prtt,1998,6.7
prtt,1999,6.7
prtt,2000,6.8
prtt,2001,6.9
prtt,2002,7.0
prtt,2003,7.2
prtt,2004,7.4
prtt,2005,7.5
prtt,2006,7.6
prtt,2007,7.7
prtt,2008,7.8
prtt,2009,7.9
prtt,2010,8.1
prtt,2011,8.3
prtt,2012,8.5
prtt,2013,8.6
prtt,2014,8.9
prtt,2015,9.1
prtt,2016,9.1
prtt,2017,9.2
prtt,2018,9.2
prtt,2019,9.3
pryt,1990,5.8
pryt,1991,5.8
pryt,1992,5.9
pryt,1993,6.0
pryt,1994,6.0
pryt,1995,6.1
pryt,1996,6.1
pryt,1997,6.0
pryt,1998,6.0
pryt,1999,5.9
pryt,2000,5.9
pryt,2001,6.2
pryt,2002,6.5
pryt,2003,7.0
pryt,2004,7.1
pryt,2005,7.3
pryt,2006,7.1
pryt,2007,7.1
pryt,2008,7.4
pryt,2009,7.0
pryt,2010,7.7
pryt,2011,7.8
pryt,2012,7.8
pryt,2013,8.3
pryt,2014,8.2
pryt,2015,8.5
pryt,2016,8.4
pryt,2017,8.4
pryt,2018,8.4
pryt,2019,8.5
pset,2004,7.7
pset,2005,7.8
pset,2006,7.9
pset,2007,8.0
pset,2008,8.2
pset,2009,8.5
pset,2010,8.5
pset,2011,8.7
pset,2012,9.0
pset,2013,8.9
pset,2014,8.9
pset,2015,9.0
pset,2016,9.1
pset,2017,9.1
pset,2018,9.1
pset,2019,9.2
qatt,1990,5.4
qatt,1991,5.5
qatt,1992,5.6
qatt,1993,5.7
qatt,1994,5.8
qatt,1995,5.9
qatt,1996,6.3
qatt,1997,6.7
qatt,1998,7.1
qatt,1999,7.5
qatt,2000,7.9
qatt,2001,8.0
qatt,2002,8.1
qatt,2003,8.2
qatt,2004,8.4
qatt,2005,8.8
qatt,2006,9.2
qatt,2007,9.6
qatt,2008,9.7
qatt,2009,9.2
qatt,2010,8.4
qatt,2011,8.7
qatt,2012,9.2
qatt,2013,9.9
qatt,2014,9.8
qatt,2015,9.7
qatt,2016,9.7
qatt,2017,9.7
qatt,2018,9.7
qatt,2019,9.7
rout,1990,9.0
rout,1991,9.1
rout,1992,9.2
rout,1993,9.3
rout,1994,9.4
rout,1995,9.5
rout,1996,9.6
rout,1997,9.7
rout,1998,9.7
rout,1999,9.8
rout,2000,9.9
rout,2001,9.7
rout,2002,9.6
rout,2003,9.7
rout,2004,9.9
rout,2005,10.1
rout,2006,10.3
rout,2007,10.5
rout,2008,10.6
rout,2009,10.6
rout,2010,10.7
rout,2011,10.8
rout,2012,10.9
rout,2013,10.9
rout,2014,10.9
rout,2015,10.9
rout,2016,11.0
rout,2017,11.0
rout,2018,11.0
rout,2019,11.1
rust,1990,9.2
rust,1991,9.4
rust,1992,9.5
rust,1993,9.7
rust,1994,9.9
rust,1995,10.0
rust,1996,10.3
rust,1997,10.6
rust,1998,10.8
rust,1999,11.1
rust,2000,11.3
rust,2001,11.4
rust,2002,11.4
rust,2003,11.4
rust,2004,11.4
rust,2005,11.4
rust,2006,11.4
rust,2007,11.4
rust,2008,11.4
rust,2009,11.5
rust,2010,11.5
rust,2011,11.5
rust,2012,11.6
rust,2013,11.7
rust,2014,11.7
rust,2015,11.8
rust,2016,11.8
rust,2017,12.0
rust,2018,12.2
rust,2019,12.2
rwat,1990,1.8
rwat,1991,1.8
rwat,1992,1.8
rwat,1993,1.9
rwat,1994,1.9
rwat,1995,2.0
rwat,1996,2.0
rwat,1997,2.1
rwat,1998,2.1
rwat,1999,2.2
rwat,2000,2.3
rwat,2001,2.4
rwat,2002,2.5
rwat,2003,2.6
rwat,2004,2.7
rwat,2005,2.8
rwat,2006,2.9
rwat,2007,3.1
rwat,2008,3.2
rwat,2009,3.3
rwat,2010,3.8
rwat,2011,3.8
rwat,2012,3.7
rwat,2013,3.8
rwat,2014,4.0
rwat,2015,4.0
rwat,2016,4.1
rwat,2017,4.3
rwat,2018,4.3
rwat,2019,4.4
saut,1990,5.7
saut,1991,5.8
saut,1992,5.8
saut,1993,6.0
saut,1994,6.0
saut,1995,6.2
saut,1996,6.3
saut,1997,6.4
saut,1998,6.5
saut,1999,6.6
saut,2000,6.7
saut,2001,6.8
saut,2002,7.0
saut,2003,7.1
saut,2004,7.5
saut,2005,7.6
saut,2006,7.8
saut,2007,8.1
saut,2008,8.3
saut,2009,8.6
saut,2010,8.9
saut,2011,9.1
saut,2012,9.4
saut,2013,9.5
saut,2014,9.5
saut,2015,9.8
saut,2016,9.9
saut,2017,10.1
saut,2018,10.2
saut,2019,10.2
sdnt,1990,1.5
sdnt,1991,1.6
sdnt,1992,1.7
sdnt,1993,1.8
sdnt,1994,1.9
sdnt,1995,2.0
sdnt,1996,2.1
sdnt,1997,2.2
sdnt,1998,2.3
sdnt,1999,2.3
sdnt,2000,2.4
sdnt,2001,2.5
sdnt,2002,2.6
sdnt,2003,2.7
sdnt,2004,2.8
sdnt,2005,2.9
sdnt,2006,3.0
sdnt,2007,3.0
sdnt,2008,3.0
sdnt,2009,3.1
sdnt,2010,3.1
sdnt,2011,3.2
sdnt,2012,3.3
sdnt,2013,3.4
sdnt,2014,3.5
sdnt,2015,3.6
sdnt,2016,3.6
sdnt,2017,3.7
sdnt,2018,3.7
sdnt,2019,3.8
sent,1990,2.2
sent,1991,2.2
sent,1992,2.1
sent,1993,2.1
sent,1994,2.1
sent,1995,2.1
sent,1996,2.0
sent,1997,2.0
sent,1998,2.0
sent,1999,1.9
sent,2000,1.9
sent,2001,2.3
sent,2002,2.4
sent,2003,2.4
sent,2004,2.4
sent,2005,2.4
sent,2006,2.4
sent,2007,2.4
sent,2008,2.4
sent,2009,2.4
sent,2010,2.4
sent,2011,2.4
sent,2012,2.6
sent,2013,2.8
sent,2014,2.8
sent,2015,2.9
sent,2016,2.9
sent,2017,3.0
sent,2018,3.1
sent,2019,3.2
sgpt,1990,5.8
sgpt,1991,6.1
sgpt,1992,6.4
sgpt,1993,6.7
sgpt,1994,7.0
sgpt,1995,7.3
sgpt,1996,7.6
sgpt,1997,8.0
sgpt,1998,8.3
sgpt,1999,8.6
sgpt,2000,8.9
sgpt,2001,9.2
sgpt,2002,9.5
sgpt,2003,9.8
sgpt,2004,10.2
sgpt,2005,10.6
sgpt,2006,10.5
sgpt,2007,10.3
sgpt,2008,10.5
sgpt,2009,10.5
sgpt,2010,11.0
sgpt,2011,11.1
sgpt,2012,11.1
sgpt,2013,11.2
sgpt,2014,11.3
sgpt,2015,11.6
sgpt,2016,11.6
sgpt,2017,11.4
sgpt,2018,11.6
sgpt,2019,11.6
slbt,1999,4.5
slbt,2000,4.6
slbt,2001,4.6
slbt,2002,4.7
slbt,2003,4.7
slbt,2004,4.8
slbt,2005,4.8
slbt,2006,4.9
slbt,2007,4.9
slbt,2008,5.0
slbt,2009,5.0
slbt,2010,5.1
slbt,2011,5.2
slbt,2012,5.2
slbt,2013,5.3
slbt,2014,5.3
slbt,2015,5.4
slbt,2016,5.4
slbt,2017,5.5
slbt,2018,5.5
slbt,2019,5.7
slet,1990,1.6
slet,1991,1.7
slet,1992,1.7
slet,1993,1.8
slet,1994,1.9
slet,1995,2.0
slet,1996,2.0
slet,1997,2.1
slet,1998,2.2
slet,1999,2.2
slet,2000,2.3
slet,2001,2.4
slet,2002,2.5
slet,2003,2.5
slet,2004,2.6
slet,2005,2.7
slet,2006,2.8
slet,2007,2.8
slet,2008,2.9
slet,2009,3.0
slet,2010,3.1
slet,2011,3.1
slet,2012,3.2
slet,2013,3.3
slet,2014,3.3
slet,2015,3.4
slet,2016,3.4
slet,2017,3.5
slet,2018,3.6
slet,2019,3.7
slvt,1990,3.7
slvt,1991,3.8
slvt,1992,3.9
slvt,1993,4.0
slvt,1994,4.1
slvt,1995,4.2
slvt,1996,4.4
slvt,1997,4.6
slvt,1998,4.8
slvt,1999,5.0
slvt,2000,5.2
slvt,2001,5.3
slvt,2002,5.5
slvt,2003,5.7
slvt,2004,5.8
slvt,2005,6.0
slvt,2006,6.4
slvt,2007,5.8
slvt,2008,6.4
slvt,2009,6.5
slvt,2010,7.1
slvt,2011,6.5
slvt,2012,6.7
slvt,2013,6.6
slvt,2014,6.5
slvt,2015,6.6
slvt,2016,6.8
slvt,2017,6.9
slvt,2018,6.9
slvt,2019,6.9
somt,2006,2.03
somt,2007,2.5
somt,2008,2.96
somt,2009,3.43
somt,2010,3.89
somt,2011,4.36
somt,2012,4.82
somt,2013,4.85
somt,2014,4.9
somt,2015,4.99
somt,2016,5.03
somt,2017,5.08
somt,2018,5.13
somt,2019,5.18
srbt,1990,8.0
srbt,1991,8.1
srbt,1992,8.3
srbt,1993,8.5
srbt,1994,8.6
srbt,1995,8.8
srbt,1996,8.9
srbt,1997,9.0
srbt,1998,9.2
srbt,1999,9.3
srbt,2000,9.4
srbt,2001,9.6
srbt,2002,9.7
srbt,2003,9.9
srbt,2004,10.0
srbt,2005,10.2
srbt,2006,10.2
srbt,2007,10.2
srbt,2008,10.4
srbt,2009,10.4
srbt,2010,10.4
srbt,2011,10.6
srbt,2012,10.5
srbt,2013,10.4
srbt,2014,10.7
srbt,2015,11.0
srbt,2016,11.1
srbt,2017,11.1
srbt,2018,11.2
srbt,2019,11.2
ssdt,2010,4.8
ssdt,2011,4.8
ssdt,2012,4.8
ssdt,2013,4.8
ssdt,2014,4.8
ssdt,2015,4.8
ssdt,2016,4.8
ssdt,2017,4.8
ssdt,2018,4.8
ssdt,2019,4.8
stpt,1990,2.9
stpt,1991,3.0
stpt,1992,3.1
stpt,1993,3.3
stpt,1994,3.4
stpt,1995,3.5
stpt,1996,3.7
stpt,1997,3.8
stpt,1998,3.9
stpt,1999,4.1
stpt,2000,4.2
stpt,2001,4.3
stpt,2002,4.3
stpt,2003,4.4
stpt,2004,4.4
stpt,2005,4.5
stpt,2006,4.5
stpt,2007,4.6
stpt,2008,4.7
stpt,2009,4.8
stpt,2010,4.9
stpt,2011,5.0
stpt,2012,5.1
stpt,2013,5.2
stpt,2014,5.3
stpt,2015,5.6
stpt,2016,5.8
stpt,2017,6.1
stpt,2018,6.4
stpt,2019,6.4
surt,2004,7.7
surt,2005,7.7
surt,2006,7.7
surt,2007,7.7
surt,2008,7.7
surt,2009,7.7
surt,2010,7.7
surt,2011,8.3
surt,2012,8.8
surt,2013,8.9
surt,2014,9.0
surt,2015,9.0
surt,2016,9.1
surt,2017,9.1
surt,2018,9.1
surt,2019,9.3
svkt,1990,10.8
svkt,1991,10.9
svkt,1992,11.0
svkt,1993,11.1
svkt,1994,11.3
svkt,1995,11.4
svkt,1996,11.2
svkt,1997,11.0
svkt,1998,10.8
svkt,1999,10.5
svkt,2000,10.3
svkt,2001,10.2
svkt,2002,10.3
svkt,2003,10.4
svkt,2004,10.6
svkt,2005,10.8
svkt,2006,10.9
svkt,2007,11.1
svkt,2008,11.2
svkt,2009,11.4
svkt,2010,11.6
svkt,2011,12.1
svkt,2012,12.3
svkt,2013,12.2
svkt,2014,12.3
svkt,2015,12.5
svkt,2016,12.6
svkt,2017,12.6
svkt,2018,12.6
svkt,2019,12.7
svnt,1990,10.9
svnt,1991,11.0
svnt,1992,11.0
svnt,1993,11.1
svnt,1994,11.2
svnt,1995,11.2
svnt,1996,11.3
svnt,1997,11.4
svnt,1998,11.4
svnt,1999,11.5
svnt,2000,11.6
svnt,2001,11.5
svnt,2002,11.5
svnt,2003,11.5
svnt,2004,12.0
svnt,2005,11.7
svnt,2006,11.8
svnt,2007,11.8
svnt,2008,11.9
svnt,2009,12.1
svnt,2010,12.1
svnt,2011,12.2
svnt,2012,11.7
svnt,2013,11.7
svnt,2014,11.9
svnt,2015,11.9
svnt,2016,12.0
svnt,2017,12.3
svnt,2018,12.5
svnt,2019,12.7
swet,1990,10.5
swet,1991,10.6
swet,1992,10.7
swet,1993,10.8
swet,1994,10.9
swet,1995,10.9
swet,1996,11.0
swet,1997,11.1
swet,1998,11.2
swet,1999,11.3
swet,2000,11.4
swet,2001,11.5
swet,2002,11.6
swet,2003,11.8
swet,2004,12.3
swet,2005,12.4
swet,2006,12.4
swet,2007,12.5
swet,2008,12.2
swet,2009,12.2
swet,2010,12.3
swet,2011,12.4
swet,2012,12.4
swet,2013,12.2
swet,2014,12.3
swet,2015,12.4
swet,2016,12.4
swet,2017,12.4
swet,2018,12.4
swet,2019,12.5
swzt,1990,4.2
swzt,1991,4.3
swzt,1992,4.3
swzt,1993,4.3
swzt,1994,4.3
swzt,1995,4.2
swzt,1996,4.2
swzt,1997,4.1
swzt,1998,4.0
swzt,1999,3.9
swzt,2000,3.9
swzt,2001,3.7
swzt,2002,3.6
swzt,2003,3.4
swzt,2004,4.0
swzt,2005,4.5
swzt,2006,5.1
swzt,2007,5.3
swzt,2008,5.4
swzt,2009,5.6
swzt,2010,5.7
swzt,2011,5.9
swzt,2012,6.1
swzt,2013,6.3
swzt,2014,6.5
swzt,2015,6.6
swzt,2016,6.7
swzt,2017,6.7
swzt,2018,6.9
swzt,2019,6.9
syrt,1990,4.0
syrt,1991,4.1
syrt,1992,4.2
syrt,1993,4.3
syrt,1994,4.4
syrt,1995,4.5
syrt,1996,4.5
syrt,1997,4.5
syrt,1998,4.5
syrt,1999,4.6
syrt,2000,4.6
syrt,2001,4.8
syrt,2002,4.7
syrt,2003,5.1
syrt,2004,5.4
syrt,2005,5.8
syrt,2006,6.2
syrt,2007,6.5
syrt,2008,6.3
syrt,2009,6.6
syrt,2010,6.3
syrt,2011,6.3
tcdt,2000,1.4
tcdt,2001,1.4
tcdt,2002,1.4
tcdt,2003,1.4
tcdt,2004,1.4
tcdt,2005,1.5
tcdt,2006,1.6
tcdt,2007,1.7
tcdt,2008,1.8
tcdt,2009,1.8
tcdt,2010,1.9
tcdt,2011,2.0
tcdt,2012,2.1
tcdt,2013,2.1
tcdt,2014,2.2
tcdt,2015,2.3
tcdt,2016,2.4
tcdt,2017,2.4
tcdt,2018,2.5
tcdt,2019,2.5
tgot,1990,3.0
tgot,1991,3.1
tgot,1992,3.2
tgot,1993,3.3
tgot,1994,3.4
tgot,1995,3.5
tgot,1996,3.6
tgot,1997,3.7
tgot,1998,3.8
tgot,1999,3.9
tgot,2000,4.0
tgot,2001,4.0
tgot,2002,4.1
tgot,2003,4.1
tgot,2004,4.2
tgot,2005,4.2
tgot,2006,4.3
tgot,2007,4.3
tgot,2008,4.3
tgot,2009,4.3
tgot,2010,4.3
tgot,2011,4.4
tgot,2012,4.4
tgot,2013,4.5
tgot,2014,4.5
tgot,2015,4.6
tgot,2016,4.6
tgot,2017,4.7
tgot,2018,4.8
tgot,2019,5.0
that,1990,4.6
that,1991,4.7
that,1992,4.7
that,1993,4.8
that,1994,4.9
that,1995,5.0
that,1996,5.2
that,1997,5.5
that,1998,5.7
that,1999,5.9
that,2000,6.1
that,2001,6.3
that,2002,6.5
that,2003,6.7
that,2004,6.8
that,2005,7.0
that,2006,6.6
that,2007,7.1
that,2008,7.3
that,2009,7.5
that,2010,7.3
that,2011,7.5
that,2012,7.7
that,2013,7.5
that,2014,7.6
that,2015,7.6
that,2016,7.6
that,2017,7.7
that,2018,7.8
that,2019,7.9
tjkt,1990,9.6
tjkt,1991,9.8
tjkt,1992,10.0
tjkt,1993,10.2
tjkt,1994,10.4
tjkt,1995,10.6
tjkt,1996,10.6
tjkt,1997,10.6
tjkt,1998,10.6
tjkt,1999,10.6
tjkt,2000,10.7
tjkt,2001,10.6
tjkt,2002,10.6
tjkt,2003,10.6
tjkt,2004,10.5
tjkt,2005,10.5
tjkt,2006,10.5
tjkt,2007,10.5
tjkt,2008,11.0
tjkt,2009,10.9
tjkt,2010,10.9
tjkt,2011,10.8
tjkt,2012,10.7
tjkt,2013,10.7
tjkt,2014,10.6
tjkt,2015,10.5
tjkt,2016,10.5
tjkt,2017,10.6
tjkt,2018,10.7
tjkt,2019,10.7
tkmt,2010,9.9
tkmt,2011,9.9
tkmt,2012,9.8
tkmt,2013,9.8
tkmt,2014,9.8
tkmt,2015,9.8
tkmt,2016,9.8
tkmt,2017,9.8
tkmt,2018,10.3
tkmt,2019,10.3
tlst,2002,2.9
tlst,2003,3.0
tlst,2004,3.1
tlst,2005,3.3
tlst,2006,3.4
tlst,2007,3.5
tlst,2008,4.0
tlst,2009,4.4
tlst,2010,4.4
tlst,2011,4.5
tlst,2012,4.5
tlst,2013,4.5
tlst,2014,4.5
tlst,2015,4.5
tlst,2016,4.5
tlst,2017,4.5
tlst,2018,4.5
tlst,2019,4.8
tont,1991,8.5
tont,1992,8.6
tont,1993,8.8
tont,1994,9.0
tont,1995,9.1
tont,1996,9.1
tont,1997,9.1
tont,1998,9.1
tont,1999,9.1
tont,2000,9.1
tont,2001,9.1
tont,2002,9.1
tont,2003,9.2
tont,2004,9.2
tont,2005,9.2
tont,2006,9.4
tont,2007,9.8
tont,2008,10.1
tont,2009,10.4
tont,2010,10.7
tont,2011,10.9
tont,2012,10.9
tont,2013,11.0
tont,2014,11.1
tont,2015,11.2
tont,2016,11.2
tont,2017,11.2
tont,2018,11.2
tont,2019,11.2
ttot,1990,7.9
ttot,1991,8.1
ttot,1992,8.2
ttot,1993,8.3
ttot,1994,8.4
ttot,1995,8.5
ttot,1996,8.7
ttot,1997,8.8
ttot,1998,8.9
ttot,1999,9.0
ttot,2000,9.2
ttot,2001,9.3
ttot,2002,9.4
ttot,2003,9.5
ttot,2004,9.8
ttot,2005,10.0
ttot,2006,9.9
ttot,2007,10.5
ttot,2008,10.7
ttot,2009,10.7
ttot,2010,10.8
ttot,2011,10.8
ttot,2012,10.8
ttot,2013,10.9
ttot,2014,10.9
ttot,2015,10.9
ttot,2016,11.0
ttot,2017,11.0
ttot,2018,11.0
ttot,2019,11.0
tunt,1990,3.4
tunt,1991,3.6
tunt,1992,3.7
tunt,1993,3.9
tunt,1994,4.0
tunt,1995,4.1
tunt,1996,4.3
tunt,1997,4.4
tunt,1998,4.6
tunt,1999,4.7
tunt,2000,4.9
tunt,2001,5.1
tunt,2002,5.2
tunt,2003,5.4
tunt,2004,5.6
tunt,2005,5.8
tunt,2006,5.9
tunt,2007,6.1
tunt,2008,6.3
tunt,2009,6.4
tunt,2010,6.7
tunt,2011,6.9
tunt,2012,6.8
tunt,2013,6.8
tunt,2014,6.9
tunt,2015,7.0
tunt,2016,7.1
tunt,2017,7.2
tunt,2018,7.2
tunt,2019,7.2
turt,1990,4.5
turt,1991,4.6
turt,1992,4.6
turt,1993,4.7
turt,1994,4.8
turt,1995,4.8
turt,1996,5.0
turt,1997,5.1
turt,1998,5.3
turt,1999,5.4
turt,2000,5.5
turt,2001,5.6
turt,2002,5.7
turt,2003,5.8
turt,2004,6.0
turt,2005,6.1
turt,2006,6.0
turt,2007,6.1
turt,2008,6.2
turt,2009,6.3
turt,2010,6.5
turt,2011,6.7
turt,2012,7.3
turt,2013,7.5
turt,2014,7.7
turt,2015,7.6
turt,2016,7.8
turt,2017,8.0
turt,2018,8.1
turt,2019,8.1
tzat,1990,3.6
tzat,1991,3.7
tzat,1992,3.8
tzat,1993,3.9
tzat,1994,4.0
tzat,1995,4.1
tzat,1996,4.1
tzat,1997,4.2
tzat,1998,4.2
tzat,1999,4.2
tzat,2000,4.2
tzat,2001,4.3
tzat,2002,4.3
tzat,2003,4.4
tzat,2004,4.5
tzat,2005,4.8
tzat,2006,4.8
tzat,2007,4.9
tzat,2008,5.0
tzat,2009,5.0
tzat,2010,5.1
tzat,2011,5.1
tzat,2012,5.5
tzat,2013,5.6
tzat,2014,5.7
tzat,2015,5.9
tzat,2016,6.0
tzat,2017,6.0
tzat,2018,6.0
tzat,2019,6.1
ugat,1990,2.8
ugat,1991,2.9
ugat,1992,3.0
ugat,1993,3.1
ugat,1994,3.3
ugat,1995,3.4
ugat,1996,3.5
ugat,1997,3.6
ugat,1998,3.7
ugat,1999,3.8
ugat,2000,3.9
ugat,2001,4.0
ugat,2002,4.2
ugat,2003,4.3
ugat,2004,4.4
ugat,2005,4.4
ugat,2006,4.6
ugat,2007,4.8
ugat,2008,5.2
ugat,2009,5.2
ugat,2010,5.7
ugat,2011,5.4
ugat,2012,5.3
ugat,2013,5.4
ugat,2014,5.5
ugat,2015,5.7
ugat,2016,5.7
ugat,2017,5.8
ugat,2018,6.1
ugat,2019,6.2
ukrt,1990,9.1
ukrt,1991,9.3
ukrt,1992,9.5
ukrt,1993,9.7
ukrt,1994,9.9
ukrt,1995,10.0
ukrt,1996,10.2
ukrt,1997,10.3
ukrt,1998,10.4
ukrt,1999,10.6
ukrt,2000,10.7
ukrt,2001,10.8
ukrt,2002,10.9
ukrt,2003,11.0
ukrt,2004,11.1
ukrt,2005,11.2
ukrt,2006,11.2
ukrt,2007,11.2
ukrt,2008,11.3
ukrt,2009,11.3
ukrt,2010,11.3
ukrt,2011,11.3
ukrt,2012,11.3
ukrt,2013,11.3
ukrt,2014,11.5
ukrt,2015,11.4
ukrt,2016,11.4
ukrt,2017,11.4
ukrt,2018,11.4
ukrt,2019,11.4
uryt,1990,7.2
uryt,1991,7.2
uryt,1992,7.2
uryt,1993,7.3
uryt,1994,7.3
uryt,1995,7.4
uryt,1996,7.5
uryt,1997,7.6
uryt,1998,7.7
uryt,1999,7.9
uryt,2000,8.0
uryt,2001,8.0
uryt,2002,8.0
uryt,2003,8.0
uryt,2004,8.0
uryt,2005,8.0
uryt,2006,8.0
uryt,2007,8.2
uryt,2008,8.4
uryt,2009,8.4
uryt,2010,8.4
uryt,2011,8.4
uryt,2012,8.5
uryt,2013,8.5
uryt,2014,8.6
uryt,2015,8.7
uryt,2016,8.7
uryt,2017,8.7
uryt,2018,8.8
uryt,2019,8.9
usat,1990,12.3
usat,1991,12.4
usat,1992,12.5
usat,1993,12.6
usat,1994,12.7
usat,1995,12.7
usat,1996,12.7
usat,1997,12.7
usat,1998,12.7
usat,1999,12.7
usat,2000,12.7
usat,2001,12.7
usat,2002,12.7
usat,2003,12.8
usat,2004,12.8
usat,2005,12.8
usat,2006,12.8
usat,2007,12.9
usat,2008,13.2
usat,2009,13.2
usat,2010,13.3
usat,2011,13.4
usat,2012,13.4
usat,2013,13.3
usat,2014,13.3
usat,2015,13.3
usat,2016,13.3
usat,2017,13.4
usat,2018,13.4
usat,2019,13.4
uzbt,2000,9.1
uzbt,2001,9.2
uzbt,2002,9.4
uzbt,2003,9.5
uzbt,2004,9.7
uzbt,2005,9.8
uzbt,2006,9.9
uzbt,2007,10.1
uzbt,2008,10.3
uzbt,2009,10.5
uzbt,2010,10.7
uzbt,2011,10.9
uzbt,2012,11.1
uzbt,2013,11.3
uzbt,2014,11.3
uzbt,2015,11.4
uzbt,2016,11.4
uzbt,2017,11.7
uzbt,2018,11.8
uzbt,2019,11.8
vctt,2000,7.5
vctt,2001,7.6
vctt,2002,7.7
vctt,2003,7.8
vctt,2004,7.8
vctt,2005,7.9
vctt,2006,8.0
vctt,2007,8.0
vctt,2008,8.1
vctt,2009,8.2
vctt,2010,8.3
vctt,2011,8.3
vctt,2012,8.4
vctt,2013,8.4
vctt,2014,8.5
vctt,2015,8.5
vctt,2016,8.6
vctt,2017,8.6
vctt,2018,8.7
vctt,2019,8.8
vent,1990,4.6
vent,1991,4.8
vent,1992,5.0
vent,1993,5.1
vent,1994,5.3
vent,1995,5.5
vent,1996,5.7
vent,1997,5.8
vent,1998,6.0
vent,1999,6.2
vent,2000,6.4
vent,2001,6.4
vent,2002,6.8
vent,2003,7.0
vent,2004,7.2
vent,2005,7.4
vent,2006,7.6
vent,2007,8.1
vent,2008,8.2
vent,2009,8.3
vent,2010,8.9
vent,2011,9.8
vent,2012,9.7
vent,2013,9.9
vent,2014,10.0
vent,2015,10.1
vent,2016,10.3
vent,2017,10.3
vent,2018,10.3
vent,2019,10.3
vnmt,1990,3.9
vnmt,1991,4.1
vnmt,1992,4.2
vnmt,1993,4.3
vnmt,1994,4.5
vnmt,1995,4.6
vnmt,1996,4.8
vnmt,1997,4.9
vnmt,1998,5.1
vnmt,1999,5.3
vnmt,2000,5.4
vnmt,2001,5.6
vnmt,2002,5.8
vnmt,2003,6.0
vnmt,2004,6.2
vnmt,2005,6.4
vnmt,2006,6.6
vnmt,2007,6.8
vnmt,2008,7.0
vnmt,2009,8.0
vnmt,2010,7.5
vnmt,2011,7.6
vnmt,2012,7.8
vnmt,2013,7.9
vnmt,2014,7.8
vnmt,2015,8.0
vnmt,2016,8.1
vnmt,2017,8.2
vnmt,2018,8.2
vnmt,2019,8.3
vutt,2005,6.5
vutt,2006,6.5
vutt,2007,6.6
vutt,2008,6.6
vutt,2009,6.6
vutt,2010,6.7
vutt,2011,6.7
vutt,2012,6.8
vutt,2013,6.8
vutt,2014,6.8
vutt,2015,6.8
vutt,2016,6.7
vutt,2017,6.8
vutt,2018,6.8
vutt,2019,7.1
wsmt,1990,7.6
wsmt,1991,7.7
wsmt,1992,7.8
wsmt,1993,8.0
wsmt,1994,8.1
wsmt,1995,8.2
wsmt,1996,8.3
wsmt,1997,8.5
wsmt,1998,8.6
wsmt,1999,8.7
wsmt,2000,8.8
wsmt,2001,8.9
wsmt,2002,9.1
wsmt,2003,9.2
wsmt,2004,9.3
wsmt,2005,9.4
wsmt,2006,9.5
wsmt,2007,9.7
wsmt,2008,9.8
wsmt,2009,9.9
wsmt,2010,10.0
wsmt,2011,10.5
wsmt,2012,10.5
wsmt,2013,10.5
wsmt,2014,10.6
wsmt,2015,10.6
wsmt,2016,10.6
wsmt,2017,10.6
wsmt,2018,10.6
wsmt,2019,10.8
yemt,1990,0.3
yemt,1991,0.4
yemt,1992,0.4
yemt,1993,0.5
yemt,1994,0.6
yemt,1995,0.7
yemt,1996,0.8
yemt,1997,0.9
yemt,1998,1.0
yemt,1999,1.1
yemt,2000,1.2
yemt,2001,1.3
yemt,2002,1.5
yemt,2003,1.6
yemt,2004,1.7
yemt,2005,1.9
yemt,2006,2.0
yemt,2007,2.2
yemt,2008,2.3
yemt,2009,2.5
yemt,2010,2.6
yemt,2011,2.8
yemt,2012,3.0
yemt,2013,3.0
yemt,2014,3.0
yemt,2015,3.0
yemt,2016,3.0
yemt,2017,3.0
yemt,2018,3.2
yemt,2019,3.2
zaft,1990,6.5
zaft,1991,6.6
zaft,1992,7.2
zaft,1993,7.5
zaft,1994,7.9
zaft,1995,8.2
zaft,1996,8.3
zaft,1997,8.4
zaft,1998,8.5
zaft,1999,8.7
zaft,2000,8.8
zaft,2001,7.5
zaft,2002,8.5
zaft,2003,8.8
zaft,2004,8.8
zaft,2005,8.9
zaft,2006,9.0
zaft,2007,9.1
zaft,2008,9.7
zaft,2009,10.1
zaft,2010,10.2
zaft,2011,9.6
zaft,2012,9.8
zaft,2013,9.9
zaft,2014,10.0
zaft,2015,10.1
zaft,2016,10.2
zaft,2017,10.2
zaft,2018,10.2
zaft,2019,10.2
zmbt,1990,4.7
zmbt,1991,5.0
zmbt,1992,5.2
zmbt,1993,5.5
zmbt,1994,5.8
zmbt,1995,6.0
zmbt,1996,6.0
zmbt,1997,6.0
zmbt,1998,5.9
zmbt,1999,5.9
zmbt,2000,5.9
zmbt,2001,6.0
zmbt,2002,6.1
zmbt,2003,6.1
zmbt,2004,6.2
zmbt,2005,6.3
zmbt,2006,6.4
zmbt,2007,6.3
zmbt,2008,6.5
zmbt,2009,6.5
zmbt,2010,6.6
zmbt,2011,6.7
zmbt,2012,6.7
zmbt,2013,6.8
zmbt,2014,6.8
zmbt,2015,6.9
zmbt,2016,7.0
zmbt,2017,7.1
zmbt,2018,7.1
zmbt,2019,7.2
zwet,1990,4.5
zwet,1991,4.7
zwet,1992,4.9
zwet,1993,5.1
zwet,1994,5.3
zwet,1995,5.5
zwet,1996,5.7
zwet,1997,5.9
zwet,1998,6.1
zwet,1999,6.3
zwet,2000,6.5
zwet,2001,6.7
zwet,2002,6.9
zwet,2003,6.8
zwet,2004,6.8
zwet,2005,6.8
zwet,2006,6.8
zwet,2007,7.0
zwet,2008,7.0
zwet,2009,7.2
zwet,2010,7.3
zwet,2011,7.3
zwet,2012,7.9
zwet,2013,8.0
zwet,2014,8.2
zwet,2015,8.2
zwet,2016,8.3
zwet,2017,8.3
zwet,2018,8.4
zwet,2019,8.5
